category,sample,issue
Camouflage,camourflage_00818,orphan_mask
Camouflage,camourflage_00396,orphan_mask
Camouflage,camourflage_00418,orphan_mask
Camouflage,camourflage_01246,orphan_mask
Camouflage,camourflage_00782,orphan_mask
Camouflage,camourflage_00033,orphan_mask
Camouflage,camourflage_00099,orphan_mask
Camouflage,camourflage_00421,orphan_mask
Camouflage,camourflage_01005,orphan_mask
Camouflage,camourflage_01024,orphan_mask
Camouflage,camourflage_00432,orphan_mask
Camouflage,camourflage_00049,orphan_mask
Camouflage,camourflage_00684,orphan_mask
Camouflage,camourflage_00581,orphan_mask
Camouflage,camourflage_01220,orphan_mask
Camouflage,camourflage_00430,orphan_mask
Camouflage,camourflage_00527,orphan_mask
Camouflage,camourflage_01207,orphan_mask
Camouflage,camourflage_00167,orphan_mask
Camouflage,camourflage_00796,orphan_mask
Camouflage,camourflage_00086,orphan_mask
Camouflage,camourflage_00422,orphan_mask
Camouflage,camourflage_00288,orphan_mask
Camouflage,camourflage_01079,orphan_mask
Camouflage,camourflage_01172,orphan_mask
Camouflage,camourflage_00143,orphan_mask
Camouflage,camourflage_00728,orphan_mask
Camouflage,camourflage_00653,orphan_mask
Camouflage,camourflage_00227,orphan_mask
Camouflage,camourflage_00536,orphan_mask
Camouflage,camourflage_00461,orphan_mask
Camouflage,camourflage_00123,orphan_mask
Camouflage,camourflage_00705,orphan_mask
Camouflage,camourflage_00870,orphan_mask
Camouflage,camourflage_01017,orphan_mask
Camouflage,camourflage_00262,orphan_mask
Camouflage,camourflage_00017,orphan_mask
Camouflage,camourflage_00488,orphan_mask
Camouflage,camourflage_00104,orphan_mask
Camouflage,camourflage_00008,orphan_mask
Camouflage,camourflage_01029,orphan_mask
Camouflage,camourflage_01072,orphan_mask
Camouflage,camourflage_01049,orphan_mask
Camouflage,camourflage_00982,orphan_mask
Camouflage,camourflage_00613,orphan_mask
Camouflage,camourflage_01131,orphan_mask
Camouflage,camourflage_01045,orphan_mask
Camouflage,camourflage_00999,orphan_mask
Camouflage,camourflage_00295,orphan_mask
Camouflage,camourflage_00364,orphan_mask
Camouflage,camourflage_00256,orphan_mask
Camouflage,camourflage_00230,orphan_mask
Camouflage,camourflage_00706,orphan_mask
Camouflage,camourflage_00588,orphan_mask
Camouflage,camourflage_00934,orphan_mask
Camouflage,camourflage_00616,orphan_mask
Camouflage,camourflage_00299,orphan_mask
Camouflage,camourflage_01211,orphan_mask
Camouflage,camourflage_01129,orphan_mask
Camouflage,camourflage_00483,orphan_mask
Camouflage,camourflage_00669,orphan_mask
Camouflage,camourflage_00265,orphan_mask
Camouflage,camourflage_00190,orphan_mask
Camouflage,camourflage_00587,orphan_mask
Camouflage,camourflage_01012,orphan_mask
Camouflage,camourflage_00797,orphan_mask
Camouflage,camourflage_00743,orphan_mask
Camouflage,camourflage_01038,orphan_mask
Camouflage,camourflage_00747,orphan_mask
Camouflage,camourflage_00702,orphan_mask
Camouflage,camourflage_00336,orphan_mask
Camouflage,camourflage_01065,orphan_mask
Camouflage,camourflage_00648,orphan_mask
Camouflage,camourflage_00776,orphan_mask
Camouflage,camourflage_00647,orphan_mask
Camouflage,camourflage_00330,orphan_mask
Camouflage,camourflage_00745,orphan_mask
Camouflage,camourflage_00785,orphan_mask
Camouflage,camourflage_00312,orphan_mask
Camouflage,camourflage_01048,orphan_mask
Camouflage,camourflage_00454,orphan_mask
Camouflage,camourflage_00420,orphan_mask
Camouflage,camourflage_00789,orphan_mask
Camouflage,camourflage_01013,orphan_mask
Camouflage,camourflage_01069,orphan_mask
Camouflage,camourflage_00328,orphan_mask
Camouflage,camourflage_00264,orphan_mask
Camouflage,camourflage_00530,orphan_mask
Camouflage,camourflage_00281,orphan_mask
Camouflage,camourflage_00165,orphan_mask
Camouflage,camourflage_00730,orphan_mask
Camouflage,camourflage_00582,orphan_mask
Camouflage,camourflage_00564,orphan_mask
Camouflage,camourflage_00383,orphan_mask
Camouflage,camourflage_00122,orphan_mask
Camouflage,camourflage_00473,orphan_mask
Camouflage,camourflage_00347,orphan_mask
Camouflage,camourflage_00737,orphan_mask
Camouflage,camourflage_00503,orphan_mask
Camouflage,camourflage_00517,orphan_mask
Camouflage,camourflage_00863,orphan_mask
Camouflage,camourflage_00720,orphan_mask
Camouflage,camourflage_00335,orphan_mask
Camouflage,camourflage_00612,orphan_mask
Camouflage,camourflage_00279,orphan_mask
Camouflage,camourflage_00375,orphan_mask
Camouflage,camourflage_00611,orphan_mask
Camouflage,camourflage_00338,orphan_mask
Camouflage,camourflage_00514,orphan_mask
Camouflage,camourflage_00644,orphan_mask
Camouflage,camourflage_00556,orphan_mask
Camouflage,camourflage_00836,orphan_mask
Camouflage,camourflage_01000,orphan_mask
Camouflage,camourflage_00513,orphan_mask
Camouflage,camourflage_01157,orphan_mask
Camouflage,camourflage_00169,orphan_mask
Camouflage,camourflage_00038,orphan_mask
Camouflage,camourflage_01062,orphan_mask
Camouflage,camourflage_00794,orphan_mask
Camouflage,camourflage_00253,orphan_mask
Camouflage,camourflage_00018,orphan_mask
Camouflage,camourflage_00579,orphan_mask
Camouflage,camourflage_00191,orphan_mask
Camouflage,camourflage_00226,orphan_mask
Camouflage,camourflage_00568,orphan_mask
Camouflage,camourflage_00352,orphan_mask
Camouflage,camourflage_00472,orphan_mask
Camouflage,camourflage_00118,orphan_mask
Camouflage,camourflage_00377,orphan_mask
Camouflage,camourflage_00034,orphan_mask
Camouflage,camourflage_01102,orphan_mask
Camouflage,camourflage_00450,orphan_mask
Camouflage,camourflage_00766,orphan_mask
Camouflage,camourflage_00822,orphan_mask
Camouflage,camourflage_00407,orphan_mask
Camouflage,camourflage_01106,orphan_mask
Camouflage,camourflage_00307,orphan_mask
Camouflage,camourflage_00109,orphan_mask
Camouflage,camourflage_00480,orphan_mask
Camouflage,camourflage_00733,orphan_mask
Camouflage,camourflage_00100,orphan_mask
Camouflage,camourflage_00311,orphan_mask
Camouflage,camourflage_00919,orphan_mask
Camouflage,camourflage_00814,orphan_mask
Camouflage,camourflage_01112,orphan_mask
Camouflage,camourflage_01208,orphan_mask
Camouflage,camourflage_00928,orphan_mask
Camouflage,camourflage_00159,orphan_mask
Camouflage,camourflage_00458,orphan_mask
Camouflage,camourflage_00455,orphan_mask
Camouflage,camourflage_01175,orphan_mask
Camouflage,camourflage_00358,orphan_mask
Camouflage,camourflage_01150,orphan_mask
Camouflage,camourflage_01039,orphan_mask
Camouflage,camourflage_00926,orphan_mask
Camouflage,camourflage_00280,orphan_mask
Camouflage,camourflage_00935,orphan_mask
Camouflage,camourflage_00022,orphan_mask
Camouflage,camourflage_00397,orphan_mask
Camouflage,camourflage_00548,orphan_mask
Camouflage,camourflage_00685,orphan_mask
Camouflage,camourflage_00324,orphan_mask
Camouflage,camourflage_00004,orphan_mask
Camouflage,camourflage_00622,orphan_mask
Camouflage,camourflage_00292,orphan_mask
Camouflage,camourflage_00329,orphan_mask
Camouflage,camourflage_00584,orphan_mask
Camouflage,camourflage_00211,orphan_mask
Camouflage,camourflage_00593,orphan_mask
Camouflage,camourflage_01184,orphan_mask
Camouflage,camourflage_00467,orphan_mask
Camouflage,camourflage_00367,orphan_mask
Camouflage,camourflage_01127,orphan_mask
Camouflage,camourflage_00189,orphan_mask
Camouflage,camourflage_00755,orphan_mask
Camouflage,camourflage_00083,orphan_mask
Camouflage,camourflage_00800,orphan_mask
Camouflage,camourflage_00062,orphan_mask
Camouflage,camourflage_00479,orphan_mask
Camouflage,camourflage_00681,orphan_mask
Camouflage,camourflage_00937,orphan_mask
Camouflage,camourflage_00477,orphan_mask
Camouflage,camourflage_00446,orphan_mask
Camouflage,camourflage_00867,orphan_mask
Camouflage,camourflage_00711,orphan_mask
Camouflage,camourflage_00266,orphan_mask
Camouflage,camourflage_00858,orphan_mask
Camouflage,camourflage_00181,orphan_mask
Camouflage,camourflage_00894,orphan_mask
Camouflage,camourflage_00425,orphan_mask
Camouflage,camourflage_01224,orphan_mask
Camouflage,camourflage_01083,orphan_mask
Camouflage,camourflage_00816,orphan_mask
Camouflage,camourflage_00862,orphan_mask
Camouflage,camourflage_01107,orphan_mask
Camouflage,camourflage_00245,orphan_mask
Camouflage,camourflage_00491,orphan_mask
Camouflage,camourflage_00692,orphan_mask
Camouflage,camourflage_00694,orphan_mask
Camouflage,camourflage_00763,orphan_mask
Camouflage,camourflage_00726,orphan_mask
Camouflage,camourflage_01120,orphan_mask
Camouflage,camourflage_00470,orphan_mask
Camouflage,camourflage_00812,orphan_mask
Camouflage,camourflage_00532,orphan_mask
Camouflage,camourflage_00185,orphan_mask
Camouflage,camourflage_00693,orphan_mask
Camouflage,camourflage_01185,orphan_mask
Camouflage,camourflage_00394,orphan_mask
Camouflage,camourflage_00032,orphan_mask
Camouflage,camourflage_00558,orphan_mask
Camouflage,camourflage_00825,orphan_mask
Camouflage,camourflage_00224,orphan_mask
Camouflage,camourflage_00437,orphan_mask
Camouflage,camourflage_00807,orphan_mask
Camouflage,camourflage_00868,orphan_mask
Camouflage,camourflage_00921,orphan_mask
Camouflage,camourflage_00641,orphan_mask
Camouflage,camourflage_00700,orphan_mask
Camouflage,camourflage_00363,orphan_mask
Camouflage,camourflage_00389,orphan_mask
Camouflage,camourflage_00460,orphan_mask
Camouflage,camourflage_00803,orphan_mask
Camouflage,camourflage_00773,orphan_mask
Camouflage,camourflage_00247,orphan_mask
Camouflage,camourflage_00303,orphan_mask
Camouflage,camourflage_00811,orphan_mask
Camouflage,camourflage_00911,orphan_mask
Camouflage,camourflage_00294,orphan_mask
Camouflage,camourflage_01151,orphan_mask
Camouflage,camourflage_00738,orphan_mask
Camouflage,camourflage_00209,orphan_mask
Camouflage,camourflage_00801,orphan_mask
Camouflage,camourflage_00012,orphan_mask
Camouflage,camourflage_00966,orphan_mask
Camouflage,camourflage_00128,orphan_mask
Camouflage,camourflage_00131,orphan_mask
Camouflage,camourflage_00145,orphan_mask
Camouflage,camourflage_01231,orphan_mask
Camouflage,camourflage_00333,orphan_mask
Camouflage,camourflage_00551,orphan_mask
Camouflage,camourflage_00463,orphan_mask
Camouflage,camourflage_00036,orphan_mask
Camouflage,camourflage_00405,orphan_mask
Camouflage,camourflage_00732,orphan_mask
Camouflage,camourflage_00500,orphan_mask
Camouflage,camourflage_00380,orphan_mask
Camouflage,camourflage_01117,orphan_mask
Camouflage,camourflage_00697,orphan_mask
Camouflage,camourflage_01195,orphan_mask
Camouflage,camourflage_00614,orphan_mask
Camouflage,camourflage_00275,orphan_mask
Camouflage,camourflage_00102,orphan_mask
Camouflage,camourflage_00419,orphan_mask
Camouflage,camourflage_00291,orphan_mask
Camouflage,camourflage_00909,orphan_mask
Camouflage,camourflage_01177,orphan_mask
Camouflage,camourflage_00270,orphan_mask
Camouflage,camourflage_00019,orphan_mask
Camouflage,camourflage_00936,orphan_mask
Camouflage,camourflage_01237,orphan_mask
Camouflage,camourflage_01133,orphan_mask
Camouflage,camourflage_00242,orphan_mask
Camouflage,camourflage_01009,orphan_mask
Camouflage,camourflage_01033,orphan_mask
Camouflage,camourflage_01110,orphan_mask
Camouflage,camourflage_01155,orphan_mask
Camouflage,camourflage_01052,orphan_mask
Camouflage,camourflage_00895,orphan_mask
Camouflage,camourflage_01239,orphan_mask
Camouflage,camourflage_00834,orphan_mask
Camouflage,camourflage_00427,orphan_mask
Camouflage,camourflage_00163,orphan_mask
Camouflage,camourflage_00758,orphan_mask
Camouflage,camourflage_00795,orphan_mask
Camouflage,camourflage_01164,orphan_mask
Camouflage,camourflage_01077,orphan_mask
Camouflage,camourflage_00130,orphan_mask
Camouflage,camourflage_00544,orphan_mask
Camouflage,camourflage_00414,orphan_mask
Camouflage,camourflage_00357,orphan_mask
Camouflage,camourflage_00215,orphan_mask
Camouflage,camourflage_00263,orphan_mask
Camouflage,camourflage_00497,orphan_mask
Camouflage,camourflage_00415,orphan_mask
Camouflage,camourflage_00565,orphan_mask
Camouflage,camourflage_01122,orphan_mask
Camouflage,camourflage_00838,orphan_mask
Camouflage,camourflage_00246,orphan_mask
Camouflage,camourflage_00994,orphan_mask
Camouflage,camourflage_00318,orphan_mask
Camouflage,camourflage_00258,orphan_mask
Camouflage,camourflage_01137,orphan_mask
Camouflage,camourflage_00091,orphan_mask
Camouflage,camourflage_00663,orphan_mask
Camouflage,camourflage_00861,orphan_mask
Camouflage,camourflage_00664,orphan_mask
Camouflage,camourflage_00704,orphan_mask
Camouflage,camourflage_00439,orphan_mask
Camouflage,camourflage_01186,orphan_mask
Camouflage,camourflage_00095,orphan_mask
Camouflage,camourflage_00570,orphan_mask
Camouflage,camourflage_00487,orphan_mask
Camouflage,camourflage_00555,orphan_mask
Camouflage,camourflage_00642,orphan_mask
Camouflage,camourflage_00192,orphan_mask
Camouflage,camourflage_00525,orphan_mask
Camouflage,camourflage_01115,orphan_mask
Camouflage,camourflage_01058,orphan_mask
Camouflage,camourflage_00236,orphan_mask
Camouflage,camourflage_00072,orphan_mask
Camouflage,camourflage_01018,orphan_mask
Camouflage,camourflage_00259,orphan_mask
Camouflage,camourflage_00449,orphan_mask
Camouflage,camourflage_00973,orphan_mask
Camouflage,camourflage_00932,orphan_mask
Camouflage,camourflage_00048,orphan_mask
Camouflage,camourflage_01060,orphan_mask
Camouflage,camourflage_01138,orphan_mask
Camouflage,camourflage_00369,orphan_mask
Camouflage,camourflage_00991,orphan_mask
Camouflage,camourflage_01026,orphan_mask
Camouflage,camourflage_00938,orphan_mask
Camouflage,camourflage_00250,orphan_mask
Camouflage,camourflage_00857,orphan_mask
Camouflage,camourflage_00896,orphan_mask
Camouflage,camourflage_00370,orphan_mask
Camouflage,camourflage_00188,orphan_mask
Camouflage,camourflage_00929,orphan_mask
Camouflage,camourflage_00243,orphan_mask
Camouflage,camourflage_00523,orphan_mask
Camouflage,camourflage_01245,orphan_mask
Camouflage,camourflage_00633,orphan_mask
Camouflage,camourflage_01061,orphan_mask
Camouflage,camourflage_00395,orphan_mask
Camouflage,camourflage_00009,orphan_mask
Camouflage,camourflage_00754,orphan_mask
Camouflage,camourflage_00135,orphan_mask
Camouflage,camourflage_00173,orphan_mask
Camouflage,camourflage_00605,orphan_mask
Camouflage,camourflage_00844,orphan_mask
Camouflage,camourflage_00657,orphan_mask
Camouflage,camourflage_00701,orphan_mask
Camouflage,camourflage_00201,orphan_mask
Camouflage,camourflage_00179,orphan_mask
Camouflage,camourflage_01078,orphan_mask
Camouflage,camourflage_00365,orphan_mask
Camouflage,camourflage_01174,orphan_mask
Camouflage,camourflage_00967,orphan_mask
Camouflage,camourflage_01187,orphan_mask
Camouflage,camourflage_00634,orphan_mask
Camouflage,camourflage_00030,orphan_mask
Camouflage,camourflage_00904,orphan_mask
Camouflage,camourflage_00549,orphan_mask
Camouflage,camourflage_00946,orphan_mask
Camouflage,camourflage_00217,orphan_mask
Camouflage,camourflage_00790,orphan_mask
Camouflage,camourflage_01215,orphan_mask
Camouflage,camourflage_00412,orphan_mask
Camouflage,camourflage_00968,orphan_mask
Camouflage,camourflage_00199,orphan_mask
Camouflage,camourflage_00023,orphan_mask
Camouflage,camourflage_00621,orphan_mask
Camouflage,camourflage_00571,orphan_mask
Camouflage,camourflage_00137,orphan_mask
Camouflage,camourflage_00956,orphan_mask
Camouflage,camourflage_01085,orphan_mask
Camouflage,camourflage_00963,orphan_mask
Camouflage,camourflage_01222,orphan_mask
Camouflage,camourflage_00494,orphan_mask
Camouflage,camourflage_00983,orphan_mask
Camouflage,camourflage_00342,orphan_mask
Camouflage,camourflage_00110,orphan_mask
Camouflage,camourflage_00589,orphan_mask
Camouflage,camourflage_00490,orphan_mask
Camouflage,camourflage_00445,orphan_mask
Camouflage,camourflage_00986,orphan_mask
Camouflage,camourflage_01118,orphan_mask
Camouflage,camourflage_01123,orphan_mask
Camouflage,camourflage_00195,orphan_mask
Camouflage,camourflage_01199,orphan_mask
Camouflage,camourflage_01221,orphan_mask
Camouflage,camourflage_00860,orphan_mask
Camouflage,camourflage_01074,orphan_mask
Camouflage,camourflage_00741,orphan_mask
Camouflage,camourflage_00679,orphan_mask
Camouflage,camourflage_00495,orphan_mask
Camouflage,camourflage_00950,orphan_mask
Camouflage,camourflage_01194,orphan_mask
Camouflage,camourflage_00877,orphan_mask
Camouflage,camourflage_00631,orphan_mask
Camouflage,camourflage_00094,orphan_mask
Camouflage,camourflage_00668,orphan_mask
Camouflage,camourflage_00502,orphan_mask
Camouflage,camourflage_00769,orphan_mask
Camouflage,camourflage_00417,orphan_mask
Camouflage,camourflage_00388,orphan_mask
Camouflage,camourflage_00703,orphan_mask
Camouflage,camourflage_00485,orphan_mask
Camouflage,camourflage_00600,orphan_mask
Camouflage,camourflage_01230,orphan_mask
Camouflage,camourflage_00052,orphan_mask
Camouflage,camourflage_00960,orphan_mask
Camouflage,camourflage_00535,orphan_mask
Camouflage,camourflage_00436,orphan_mask
Camouflage,camourflage_00088,orphan_mask
Camouflage,camourflage_00193,orphan_mask
Camouflage,camourflage_00753,orphan_mask
Camouflage,camourflage_01091,orphan_mask
Camouflage,camourflage_00764,orphan_mask
Camouflage,camourflage_00980,orphan_mask
Camouflage,camourflage_00562,orphan_mask
Camouflage,camourflage_00852,orphan_mask
Camouflage,camourflage_00026,orphan_mask
Camouflage,camourflage_00715,orphan_mask
Camouflage,camourflage_00783,orphan_mask
Camouflage,camourflage_00969,orphan_mask
Camouflage,camourflage_01099,orphan_mask
Camouflage,camourflage_00322,orphan_mask
Camouflage,camourflage_00241,orphan_mask
Camouflage,camourflage_00187,orphan_mask
Camouflage,camourflage_00977,orphan_mask
Camouflage,camourflage_00186,orphan_mask
Camouflage,camourflage_01214,orphan_mask
Camouflage,camourflage_01047,orphan_mask
Camouflage,camourflage_01153,orphan_mask
Camouflage,camourflage_01165,orphan_mask
Camouflage,camourflage_01015,orphan_mask
Camouflage,camourflage_00325,orphan_mask
Camouflage,camourflage_01020,orphan_mask
Camouflage,camourflage_00627,orphan_mask
Camouflage,camourflage_00970,orphan_mask
Camouflage,camourflage_00313,orphan_mask
Camouflage,camourflage_00940,orphan_mask
Camouflage,camourflage_00411,orphan_mask
Camouflage,camourflage_00845,orphan_mask
Camouflage,camourflage_00643,orphan_mask
Camouflage,camourflage_00466,orphan_mask
Camouflage,camourflage_00888,orphan_mask
Camouflage,camourflage_00837,orphan_mask
Camouflage,camourflage_00166,orphan_mask
Camouflage,camourflage_00854,orphan_mask
Camouflage,camourflage_01076,orphan_mask
Camouflage,camourflage_00392,orphan_mask
Camouflage,camourflage_00283,orphan_mask
Camouflage,camourflage_00121,orphan_mask
Camouflage,camourflage_00774,orphan_mask
Camouflage,camourflage_00943,orphan_mask
Camouflage,camourflage_00410,orphan_mask
Camouflage,camourflage_01200,orphan_mask
Camouflage,camourflage_01145,orphan_mask
Camouflage,camourflage_00272,orphan_mask
Camouflage,camourflage_00164,orphan_mask
Camouflage,camourflage_00583,orphan_mask
Camouflage,camourflage_00580,orphan_mask
Camouflage,camourflage_00152,orphan_mask
Camouflage,camourflage_00465,orphan_mask
Camouflage,camourflage_00813,orphan_mask
Camouflage,camourflage_00645,orphan_mask
Camouflage,camourflage_00149,orphan_mask
Camouflage,camourflage_00793,orphan_mask
Camouflage,camourflage_00459,orphan_mask
Camouflage,camourflage_01250,orphan_mask
Camouflage,camourflage_00092,orphan_mask
Camouflage,camourflage_00235,orphan_mask
Camouflage,camourflage_00254,orphan_mask
Camouflage,camourflage_00156,orphan_mask
Camouflage,camourflage_00914,orphan_mask
Camouflage,camourflage_00941,orphan_mask
Camouflage,camourflage_00484,orphan_mask
Camouflage,camourflage_00216,orphan_mask
Camouflage,camourflage_00765,orphan_mask
Camouflage,camourflage_00521,orphan_mask
Camouflage,camourflage_01030,orphan_mask
Camouflage,camourflage_00504,orphan_mask
Camouflage,camourflage_00440,orphan_mask
Camouflage,camourflage_00501,orphan_mask
Camouflage,camourflage_00791,orphan_mask
Camouflage,camourflage_00433,orphan_mask
Camouflage,camourflage_00286,orphan_mask
Camouflage,camourflage_00297,orphan_mask
Camouflage,camourflage_00431,orphan_mask
Camouflage,camourflage_00901,orphan_mask
Camouflage,camourflage_00537,orphan_mask
Camouflage,camourflage_01067,orphan_mask
Camouflage,camourflage_00591,orphan_mask
Camouflage,camourflage_00900,orphan_mask
Camouflage,camourflage_01063,orphan_mask
Camouflage,camourflage_00184,orphan_mask
Camouflage,camourflage_00891,orphan_mask
Camouflage,camourflage_00859,orphan_mask
Camouflage,camourflage_01056,orphan_mask
Camouflage,camourflage_00953,orphan_mask
Camouflage,camourflage_00464,orphan_mask
Camouflage,camourflage_00493,orphan_mask
Camouflage,camourflage_00683,orphan_mask
Camouflage,camourflage_01037,orphan_mask
Camouflage,camourflage_00451,orphan_mask
Camouflage,camourflage_01040,orphan_mask
Camouflage,camourflage_00671,orphan_mask
Camouflage,camourflage_00757,orphan_mask
Camouflage,camourflage_01236,orphan_mask
Camouflage,camourflage_01154,orphan_mask
Camouflage,camourflage_01149,orphan_mask
Camouflage,camourflage_00933,orphan_mask
Camouflage,camourflage_00708,orphan_mask
Camouflage,camourflage_01057,orphan_mask
Camouflage,camourflage_00042,orphan_mask
Camouflage,camourflage_00961,orphan_mask
Camouflage,camourflage_01144,orphan_mask
Camouflage,camourflage_00081,orphan_mask
Camouflage,camourflage_00076,orphan_mask
Camouflage,camourflage_00366,orphan_mask
Camouflage,camourflage_00718,orphan_mask
Camouflage,camourflage_00779,orphan_mask
Camouflage,camourflage_00534,orphan_mask
Camouflage,camourflage_00237,orphan_mask
Camouflage,camourflage_00770,orphan_mask
Camouflage,camourflage_00756,orphan_mask
Camouflage,camourflage_00922,orphan_mask
Camouflage,camourflage_00180,orphan_mask
Camouflage,camourflage_00984,orphan_mask
Camouflage,camourflage_01116,orphan_mask
Camouflage,camourflage_00724,orphan_mask
Camouflage,camourflage_01003,orphan_mask
Camouflage,camourflage_01219,orphan_mask
Camouflage,camourflage_00682,orphan_mask
Camouflage,camourflage_00759,orphan_mask
Camouflage,camourflage_00172,orphan_mask
Camouflage,camourflage_00252,orphan_mask
Camouflage,camourflage_00035,orphan_mask
Camouflage,camourflage_00171,orphan_mask
Camouflage,camourflage_01136,orphan_mask
Camouflage,camourflage_00435,orphan_mask
Camouflage,camourflage_00306,orphan_mask
Camouflage,camourflage_00085,orphan_mask
Camouflage,camourflage_00269,orphan_mask
Camouflage,camourflage_01202,orphan_mask
Camouflage,camourflage_00746,orphan_mask
Camouflage,camourflage_01167,orphan_mask
Camouflage,camourflage_00126,orphan_mask
Camouflage,camourflage_01162,orphan_mask
Camouflage,camourflage_00424,orphan_mask
Camouflage,camourflage_00826,orphan_mask
Camouflage,camourflage_00925,orphan_mask
Camouflage,camourflage_01192,orphan_mask
Camouflage,camourflage_01148,orphan_mask
Camouflage,camourflage_00712,orphan_mask
Camouflage,camourflage_00944,orphan_mask
Camouflage,camourflage_00468,orphan_mask
Camouflage,camourflage_00978,orphan_mask
Camouflage,camourflage_00240,orphan_mask
Camouflage,camourflage_01244,orphan_mask
Camouflage,camourflage_01213,orphan_mask
Camouflage,camourflage_00127,orphan_mask
Camouflage,camourflage_00543,orphan_mask
Camouflage,camourflage_01124,orphan_mask
Camouflage,camourflage_00624,orphan_mask
Camouflage,camourflage_00354,orphan_mask
Camouflage,camourflage_00154,orphan_mask
Camouflage,camourflage_01066,orphan_mask
Camouflage,camourflage_00153,orphan_mask
Camouflage,camourflage_00345,orphan_mask
Camouflage,camourflage_00519,orphan_mask
Camouflage,camourflage_00334,orphan_mask
Camouflage,camourflage_00802,orphan_mask
Camouflage,camourflage_00140,orphan_mask
Camouflage,camourflage_00007,orphan_mask
Camouflage,camourflage_00261,orphan_mask
Camouflage,camourflage_01051,orphan_mask
Camouflage,camourflage_00866,orphan_mask
Camouflage,camourflage_00678,orphan_mask
Camouflage,camourflage_00640,orphan_mask
Camouflage,camourflage_01128,orphan_mask
Camouflage,camourflage_01203,orphan_mask
Camouflage,camourflage_01073,orphan_mask
Camouflage,camourflage_00869,orphan_mask
Camouflage,camourflage_01233,orphan_mask
Camouflage,camourflage_00655,orphan_mask
Camouflage,camourflage_00116,orphan_mask
Camouflage,camourflage_00578,orphan_mask
Camouflage,camourflage_00907,orphan_mask
Camouflage,camourflage_00761,orphan_mask
Camouflage,camourflage_00400,orphan_mask
Camouflage,camourflage_00768,orphan_mask
Camouflage,camourflage_01181,orphan_mask
Camouflage,camourflage_00553,orphan_mask
Camouflage,camourflage_00251,orphan_mask
Camouflage,camourflage_00028,orphan_mask
Camouflage,camourflage_00843,orphan_mask
Camouflage,camourflage_01247,orphan_mask
Camouflage,camourflage_00146,orphan_mask
Camouflage,camourflage_00231,orphan_mask
Camouflage,camourflage_00509,orphan_mask
Camouflage,camourflage_00849,orphan_mask
Camouflage,camourflage_00879,orphan_mask
Camouflage,camourflage_01228,orphan_mask
Camouflage,camourflage_00293,orphan_mask
Camouflage,camourflage_01234,orphan_mask
Camouflage,camourflage_00725,orphan_mask
Camouflage,camourflage_00948,orphan_mask
Camouflage,camourflage_00554,orphan_mask
Camouflage,camourflage_00735,orphan_mask
Camouflage,camourflage_00686,orphan_mask
Camouflage,camourflage_00586,orphan_mask
Camouflage,camourflage_00057,orphan_mask
Camouflage,camourflage_00119,orphan_mask
Camouflage,camourflage_00512,orphan_mask
Camouflage,camourflage_00304,orphan_mask
Camouflage,camourflage_00734,orphan_mask
Camouflage,camourflage_00853,orphan_mask
Camouflage,camourflage_00249,orphan_mask
Camouflage,camourflage_01071,orphan_mask
Camouflage,camourflage_01147,orphan_mask
Camouflage,camourflage_00508,orphan_mask
Camouflage,camourflage_00865,orphan_mask
Camouflage,camourflage_00274,orphan_mask
Camouflage,camourflage_00560,orphan_mask
Camouflage,camourflage_00050,orphan_mask
Camouflage,camourflage_01053,orphan_mask
Camouflage,camourflage_01146,orphan_mask
Camouflage,camourflage_00362,orphan_mask
Camouflage,camourflage_00043,orphan_mask
Camouflage,camourflage_00413,orphan_mask
Camouflage,camourflage_00001,orphan_mask
Camouflage,camourflage_00469,orphan_mask
Camouflage,camourflage_01209,orphan_mask
Camouflage,camourflage_00234,orphan_mask
Camouflage,camourflage_01206,orphan_mask
Camouflage,camourflage_00878,orphan_mask
Camouflage,camourflage_00656,orphan_mask
Camouflage,camourflage_00308,orphan_mask
Camouflage,camourflage_00063,orphan_mask
Camouflage,camourflage_01191,orphan_mask
Camouflage,camourflage_00075,orphan_mask
Camouflage,camourflage_00229,orphan_mask
Camouflage,camourflage_00478,orphan_mask
Camouflage,camourflage_00139,orphan_mask
Camouflage,camourflage_01126,orphan_mask
Camouflage,camourflage_00106,orphan_mask
Camouflage,camourflage_00344,orphan_mask
Camouflage,camourflage_00218,orphan_mask
Camouflage,camourflage_00777,orphan_mask
Camouflage,camourflage_00089,orphan_mask
Camouflage,camourflage_00821,orphan_mask
Camouflage,camourflage_00117,orphan_mask
Camouflage,camourflage_00144,orphan_mask
Camouflage,camourflage_00750,orphan_mask
Camouflage,camourflage_00626,orphan_mask
Camouflage,camourflage_01132,orphan_mask
Camouflage,camourflage_01019,orphan_mask
Camouflage,camourflage_00482,orphan_mask
Camouflage,camourflage_00016,orphan_mask
Camouflage,camourflage_00200,orphan_mask
Camouflage,camourflage_01055,orphan_mask
Camouflage,camourflage_01103,orphan_mask
Camouflage,camourflage_00277,orphan_mask
Camouflage,camourflage_00296,orphan_mask
Camouflage,camourflage_01217,orphan_mask
Camouflage,camourflage_00996,orphan_mask
Camouflage,camourflage_00529,orphan_mask
Camouflage,camourflage_00651,orphan_mask
Camouflage,camourflage_01225,orphan_mask
Camouflage,camourflage_00545,orphan_mask
Camouflage,camourflage_00222,orphan_mask
Camouflage,camourflage_00594,orphan_mask
Camouflage,camourflage_00282,orphan_mask
Camouflage,camourflage_01223,orphan_mask
Camouflage,camourflage_00856,orphan_mask
Camouflage,camourflage_00255,orphan_mask
Camouflage,camourflage_00976,orphan_mask
Camouflage,camourflage_01109,orphan_mask
Camouflage,camourflage_01031,orphan_mask
Camouflage,camourflage_00864,orphan_mask
Camouflage,camourflage_00546,orphan_mask
Camouflage,camourflage_00476,orphan_mask
Camouflage,camourflage_00087,orphan_mask
Camouflage,camourflage_00206,orphan_mask
Camouflage,camourflage_00540,orphan_mask
Camouflage,camourflage_00101,orphan_mask
Camouflage,camourflage_00452,orphan_mask
Camouflage,camourflage_00406,orphan_mask
Camouflage,camourflage_00404,orphan_mask
Camouflage,camourflage_00898,orphan_mask
Camouflage,camourflage_01171,orphan_mask
Camouflage,camourflage_00074,orphan_mask
Camouflage,camourflage_00906,orphan_mask
Camouflage,camourflage_01087,orphan_mask
Camouflage,camourflage_00161,orphan_mask
Camouflage,camourflage_01235,orphan_mask
Camouflage,camourflage_01028,orphan_mask
Camouflage,camourflage_00148,orphan_mask
Camouflage,camourflage_00382,orphan_mask
Camouflage,camourflage_00027,orphan_mask
Camouflage,camourflage_00518,orphan_mask
Camouflage,camourflage_00496,orphan_mask
Camouflage,camourflage_01044,orphan_mask
Camouflage,camourflage_00444,orphan_mask
Camouflage,camourflage_00111,orphan_mask
Camouflage,camourflage_00736,orphan_mask
Camouflage,camourflage_00223,orphan_mask
Camouflage,camourflage_00125,orphan_mask
Camouflage,camourflage_00005,orphan_mask
Camouflage,camourflage_00053,orphan_mask
Camouflage,camourflage_00731,orphan_mask
Camouflage,camourflage_00327,orphan_mask
Camouflage,camourflage_01022,orphan_mask
Camouflage,camourflage_00792,orphan_mask
Camouflage,camourflage_00667,orphan_mask
Camouflage,camourflage_01156,orphan_mask
Camouflage,camourflage_00214,orphan_mask
Camouflage,camourflage_00842,orphan_mask
Camouflage,camourflage_00781,orphan_mask
Camouflage,camourflage_00883,orphan_mask
Camouflage,camourflage_00559,orphan_mask
Camouflage,camourflage_00632,orphan_mask
Camouflage,camourflage_00065,orphan_mask
Camouflage,camourflage_00359,orphan_mask
Camouflage,camourflage_00674,orphan_mask
Camouflage,camourflage_00908,orphan_mask
Camouflage,camourflage_01196,orphan_mask
Camouflage,camourflage_01204,orphan_mask
Camouflage,camourflage_00949,orphan_mask
Camouflage,camourflage_01098,orphan_mask
Camouflage,camourflage_01092,orphan_mask
Camouflage,camourflage_01197,orphan_mask
Camouflage,camourflage_01119,orphan_mask
Camouflage,camourflage_00457,orphan_mask
Camouflage,camourflage_00804,orphan_mask
Camouflage,camourflage_00780,orphan_mask
Camouflage,camourflage_01025,orphan_mask
Camouflage,camourflage_00442,orphan_mask
Camouflage,camourflage_00273,orphan_mask
Camouflage,camourflage_00103,orphan_mask
Camouflage,camourflage_00654,orphan_mask
Camouflage,camourflage_00649,orphan_mask
Camouflage,camourflage_00183,orphan_mask
Camouflage,camourflage_00576,orphan_mask
Camouflage,camourflage_00349,orphan_mask
Camouflage,camourflage_00353,orphan_mask
Camouflage,camourflage_01108,orphan_mask
Camouflage,camourflage_01101,orphan_mask
Camouflage,camourflage_00142,orphan_mask
Camouflage,camourflage_00851,orphan_mask
Camouflage,camourflage_00516,orphan_mask
Camouflage,camourflage_00840,orphan_mask
Camouflage,camourflage_00391,orphan_mask
Camouflage,camourflage_00475,orphan_mask
Camouflage,camourflage_00339,orphan_mask
Camouflage,camourflage_00113,orphan_mask
Camouflage,camourflage_00841,orphan_mask
Camouflage,camourflage_01205,orphan_mask
Camouflage,camourflage_00619,orphan_mask
Camouflage,camourflage_00351,orphan_mask
Camouflage,camourflage_00124,orphan_mask
Camouflage,camourflage_00577,orphan_mask
Camouflage,camourflage_00054,orphan_mask
Camouflage,camourflage_00423,orphan_mask
Camouflage,camourflage_00434,orphan_mask
Camouflage,camourflage_00320,orphan_mask
Camouflage,camourflage_00574,orphan_mask
Camouflage,camourflage_00066,orphan_mask
Camouflage,camourflage_01188,orphan_mask
Camouflage,camourflage_00002,orphan_mask
Camouflage,camourflage_01130,orphan_mask
Camouflage,camourflage_00699,orphan_mask
Camouflage,camourflage_00138,orphan_mask
Camouflage,camourflage_00208,orphan_mask
Camouflage,camourflage_00384,orphan_mask
Camouflage,camourflage_00228,orphan_mask
Camouflage,camourflage_00505,orphan_mask
Camouflage,camourflage_00348,orphan_mask
Camouflage,camourflage_00006,orphan_mask
Camouflage,camourflage_00696,orphan_mask
Camouflage,camourflage_00550,orphan_mask
Camouflage,camourflage_00672,orphan_mask
Camouflage,camourflage_00350,orphan_mask
Camouflage,camourflage_00097,orphan_mask
Camouflage,camourflage_00923,orphan_mask
Camouflage,camourflage_00974,orphan_mask
Camouflage,camourflage_00489,orphan_mask
Camouflage,camourflage_00744,orphan_mask
Camouflage,camourflage_00913,orphan_mask
Camouflage,camourflage_00839,orphan_mask
Camouflage,camourflage_01180,orphan_mask
Camouflage,camourflage_01097,orphan_mask
Camouflage,camourflage_01105,orphan_mask
Camouflage,camourflage_00071,orphan_mask
Camouflage,camourflage_00824,orphan_mask
Camouflage,camourflage_00910,orphan_mask
Camouflage,camourflage_01141,orphan_mask
Camouflage,camourflage_00015,orphan_mask
Camouflage,camourflage_00108,orphan_mask
Camouflage,camourflage_00947,orphan_mask
Camouflage,camourflage_00078,orphan_mask
Camouflage,camourflage_00989,orphan_mask
Camouflage,camourflage_00341,orphan_mask
Camouflage,camourflage_00650,orphan_mask
Camouflage,camourflage_01093,orphan_mask
Camouflage,camourflage_00881,orphan_mask
Camouflage,camourflage_00931,orphan_mask
Camouflage,camourflage_00340,orphan_mask
Camouflage,camourflage_00752,orphan_mask
Camouflage,camourflage_00688,orphan_mask
Camouflage,camourflage_01111,orphan_mask
Camouflage,camourflage_00638,orphan_mask
Camouflage,camourflage_00930,orphan_mask
Camouflage,camourflage_00603,orphan_mask
Camouflage,camourflage_00096,orphan_mask
Camouflage,camourflage_00927,orphan_mask
Camouflage,camourflage_00175,orphan_mask
Camouflage,camourflage_00916,orphan_mask
Camouflage,camourflage_00403,orphan_mask
Camouflage,camourflage_00981,orphan_mask
Camouflage,camourflage_00041,orphan_mask
Camouflage,camourflage_00799,orphan_mask
Camouflage,camourflage_01248,orphan_mask
Camouflage,camourflage_00080,orphan_mask
Camouflage,camourflage_00133,orphan_mask
Camouflage,camourflage_00628,orphan_mask
Camouflage,camourflage_00962,orphan_mask
Camouflage,camourflage_00563,orphan_mask
Camouflage,camourflage_00652,orphan_mask
Camouflage,camourflage_00691,orphan_mask
Camouflage,camourflage_00416,orphan_mask
Camouflage,camourflage_00805,orphan_mask
Camouflage,camourflage_00244,orphan_mask
Camouflage,camourflage_00498,orphan_mask
Camouflage,camourflage_01059,orphan_mask
Camouflage,camourflage_00547,orphan_mask
Camouflage,camourflage_01140,orphan_mask
Camouflage,camourflage_00020,orphan_mask
Camouflage,camourflage_00727,orphan_mask
Camouflage,camourflage_00601,orphan_mask
Camouflage,camourflage_00997,orphan_mask
Camouflage,camourflage_00541,orphan_mask
Camouflage,camourflage_01023,orphan_mask
Camouflage,camourflage_01088,orphan_mask
Camouflage,camourflage_00056,orphan_mask
Camouflage,camourflage_00689,orphan_mask
Camouflage,camourflage_00317,orphan_mask
Camouflage,camourflage_01081,orphan_mask
Camouflage,camourflage_00011,orphan_mask
Camouflage,camourflage_00749,orphan_mask
Camouflage,camourflage_01212,orphan_mask
Camouflage,camourflage_00298,orphan_mask
Camouflage,camourflage_00155,orphan_mask
Camouflage,camourflage_00817,orphan_mask
Camouflage,camourflage_00390,orphan_mask
Camouflage,camourflage_00207,orphan_mask
Camouflage,camourflage_00979,orphan_mask
Camouflage,camourflage_00965,orphan_mask
Camouflage,camourflage_00602,orphan_mask
Camouflage,camourflage_00893,orphan_mask
Camouflage,camourflage_00058,orphan_mask
Camouflage,camourflage_00615,orphan_mask
Camouflage,camourflage_00771,orphan_mask
Camouflage,camourflage_00067,orphan_mask
Camouflage,camourflage_01190,orphan_mask
Camouflage,camourflage_00176,orphan_mask
Camouflage,camourflage_00170,orphan_mask
Camouflage,camourflage_00831,orphan_mask
Camouflage,camourflage_00872,orphan_mask
Camouflage,camourflage_00376,orphan_mask
Camouflage,camourflage_00039,orphan_mask
Camouflage,camourflage_01002,orphan_mask
Camouflage,camourflage_00151,orphan_mask
Camouflage,camourflage_00506,orphan_mask
Camouflage,camourflage_00387,orphan_mask
Camouflage,camourflage_00013,orphan_mask
Camouflage,camourflage_00374,orphan_mask
Camouflage,camourflage_00610,orphan_mask
Camouflage,camourflage_00319,orphan_mask
Camouflage,camourflage_00220,orphan_mask
Camouflage,camourflage_00714,orphan_mask
Camouflage,camourflage_00721,orphan_mask
Camouflage,camourflage_00920,orphan_mask
Camouflage,camourflage_00003,orphan_mask
Camouflage,camourflage_00429,orphan_mask
Camouflage,camourflage_01182,orphan_mask
Camouflage,camourflage_00806,orphan_mask
Camouflage,camourflage_00597,orphan_mask
Camouflage,camourflage_00289,orphan_mask
Camouflage,camourflage_01070,orphan_mask
Camouflage,camourflage_00942,orphan_mask
Camouflage,camourflage_00361,orphan_mask
Camouflage,camourflage_00675,orphan_mask
Camouflage,camourflage_00378,orphan_mask
Camouflage,camourflage_00609,orphan_mask
Camouflage,camourflage_00954,orphan_mask
Camouflage,camourflage_00055,orphan_mask
Camouflage,camourflage_00090,orphan_mask
Camouflage,camourflage_00316,orphan_mask
Camouflage,camourflage_00833,orphan_mask
Camouflage,camourflage_00829,orphan_mask
Camouflage,camourflage_00823,orphan_mask
Camouflage,camourflage_00695,orphan_mask
Camouflage,camourflage_01014,orphan_mask
Camouflage,camourflage_00899,orphan_mask
Camouflage,camourflage_00456,orphan_mask
Camouflage,camourflage_00379,orphan_mask
Camouflage,camourflage_00608,orphan_mask
Camouflage,camourflage_00874,orphan_mask
Camouflage,camourflage_00073,orphan_mask
Camouflage,camourflage_00871,orphan_mask
Camouflage,camourflage_00827,orphan_mask
Camouflage,camourflage_00321,orphan_mask
Camouflage,camourflage_00975,orphan_mask
Camouflage,camourflage_00903,orphan_mask
Camouflage,camourflage_00284,orphan_mask
Camouflage,camourflage_00132,orphan_mask
Camouflage,camourflage_00448,orphan_mask
Camouflage,camourflage_00046,orphan_mask
Camouflage,camourflage_00202,orphan_mask
Camouflage,camourflage_00673,orphan_mask
Camouflage,camourflage_00990,orphan_mask
Camouflage,camourflage_00115,orphan_mask
Camouflage,camourflage_00561,orphan_mask
Camouflage,camourflage_00212,orphan_mask
Camouflage,camourflage_00271,orphan_mask
Camouflage,camourflage_00875,orphan_mask
Camouflage,camourflage_00719,orphan_mask
Camouflage,camourflage_00890,orphan_mask
Camouflage,camourflage_01080,orphan_mask
Camouflage,camourflage_01173,orphan_mask
Camouflage,camourflage_00141,orphan_mask
Camouflage,camourflage_00850,orphan_mask
Camouflage,camourflage_00889,orphan_mask
Camouflage,camourflage_00474,orphan_mask
Camouflage,camourflage_00401,orphan_mask
Camouflage,camourflage_00713,orphan_mask
Camouflage,camourflage_00068,orphan_mask
Camouflage,camourflage_00520,orphan_mask
Camouflage,camourflage_00606,orphan_mask
Camouflage,camourflage_00059,orphan_mask
Camouflage,camourflage_01158,orphan_mask
Camouflage,camourflage_00607,orphan_mask
Camouflage,camourflage_00952,orphan_mask
Camouflage,camourflage_00772,orphan_mask
Camouflage,camourflage_01042,orphan_mask
Camouflage,camourflage_01095,orphan_mask
Camouflage,camourflage_01075,orphan_mask
Camouflage,camourflage_00924,orphan_mask
Camouflage,camourflage_00885,orphan_mask
Camouflage,camourflage_01114,orphan_mask
Camouflage,camourflage_00178,orphan_mask
Camouflage,camourflage_00064,orphan_mask
Camouflage,camourflage_00884,orphan_mask
Camouflage,camourflage_01242,orphan_mask
Camouflage,camourflage_00739,orphan_mask
Camouflage,camourflage_01008,orphan_mask
Camouflage,camourflage_00232,orphan_mask
Camouflage,camourflage_00385,orphan_mask
Camouflage,camourflage_00499,orphan_mask
Camouflage,camourflage_01238,orphan_mask
Camouflage,camourflage_00233,orphan_mask
Camouflage,camourflage_00162,orphan_mask
Camouflage,camourflage_01193,orphan_mask
Camouflage,camourflage_00326,orphan_mask
Camouflage,camourflage_00147,orphan_mask
Camouflage,camourflage_00629,orphan_mask
Camouflage,camourflage_00830,orphan_mask
Camouflage,camourflage_00112,orphan_mask
Camouflage,camourflage_01016,orphan_mask
Camouflage,camourflage_00958,orphan_mask
Camouflage,camourflage_00337,orphan_mask
Camouflage,camourflage_00539,orphan_mask
Camouflage,camourflage_00355,orphan_mask
Camouflage,camourflage_00542,orphan_mask
Camouflage,camourflage_00809,orphan_mask
Camouflage,camourflage_00698,orphan_mask
Camouflage,camourflage_01043,orphan_mask
Camouflage,camourflage_00552,orphan_mask
Camouflage,camourflage_00680,orphan_mask
Camouflage,camourflage_00447,orphan_mask
Camouflage,camourflage_00515,orphan_mask
Camouflage,camourflage_00371,orphan_mask
Camouflage,camourflage_01218,orphan_mask
Camouflage,camourflage_00676,orphan_mask
Camouflage,camourflage_00278,orphan_mask
Camouflage,camourflage_00784,orphan_mask
Camouflage,camourflage_00902,orphan_mask
Camouflage,camourflage_01090,orphan_mask
Camouflage,camourflage_00082,orphan_mask
Camouflage,camourflage_00882,orphan_mask
Camouflage,camourflage_00029,orphan_mask
Camouflage,camourflage_00129,orphan_mask
Camouflage,camourflage_01152,orphan_mask
Camouflage,camourflage_00356,orphan_mask
Camouflage,camourflage_00428,orphan_mask
Camouflage,camourflage_00707,orphan_mask
Camouflage,camourflage_01134,orphan_mask
Camouflage,camourflage_00402,orphan_mask
Camouflage,camourflage_01034,orphan_mask
Camouflage,camourflage_00880,orphan_mask
Camouflage,camourflage_00636,orphan_mask
Camouflage,camourflage_00204,orphan_mask
Camouflage,camourflage_00105,orphan_mask
Camouflage,camourflage_01241,orphan_mask
Camouflage,camourflage_00585,orphan_mask
Camouflage,camourflage_01198,orphan_mask
Camouflage,camourflage_00767,orphan_mask
Camouflage,camourflage_00569,orphan_mask
Camouflage,camourflage_00196,orphan_mask
Camouflage,camourflage_00604,orphan_mask
Camouflage,camourflage_00971,orphan_mask
Camouflage,camourflage_00637,orphan_mask
Camouflage,camourflage_00723,orphan_mask
Camouflage,camourflage_00238,orphan_mask
Camouflage,camourflage_00331,orphan_mask
Camouflage,camourflage_00343,orphan_mask
Camouflage,camourflage_00786,orphan_mask
Camouflage,camourflage_00010,orphan_mask
Camouflage,camourflage_00276,orphan_mask
Camouflage,camourflage_00748,orphan_mask
Camouflage,camourflage_01179,orphan_mask
Camouflage,camourflage_00717,orphan_mask
Camouflage,camourflage_00918,orphan_mask
Camouflage,camourflage_00287,orphan_mask
Camouflage,camourflage_00995,orphan_mask
Camouflage,camourflage_00915,orphan_mask
Camouflage,camourflage_00630,orphan_mask
Camouflage,camourflage_00177,orphan_mask
Camouflage,camourflage_00069,orphan_mask
Camouflage,camourflage_01032,orphan_mask
Camouflage,camourflage_00393,orphan_mask
Camouflage,camourflage_00567,orphan_mask
Camouflage,camourflage_00219,orphan_mask
Camouflage,camourflage_00197,orphan_mask
Camouflage,camourflage_01163,orphan_mask
Camouflage,camourflage_01011,orphan_mask
Camouflage,camourflage_00572,orphan_mask
Camouflage,camourflage_00346,orphan_mask
Camouflage,camourflage_01139,orphan_mask
Camouflage,camourflage_00897,orphan_mask
Camouflage,camourflage_00060,orphan_mask
Camouflage,camourflage_00285,orphan_mask
Camouflage,camourflage_00507,orphan_mask
Camouflage,camourflage_00441,orphan_mask
Camouflage,camourflage_00533,orphan_mask
Camouflage,camourflage_00492,orphan_mask
Camouflage,camourflage_01007,orphan_mask
Camouflage,camourflage_00729,orphan_mask
Camouflage,camourflage_00093,orphan_mask
Camouflage,camourflage_00855,orphan_mask
Camouflage,camourflage_00635,orphan_mask
Camouflage,camourflage_01104,orphan_mask
Camouflage,camourflage_01226,orphan_mask
Camouflage,camourflage_00566,orphan_mask
Camouflage,camourflage_00260,orphan_mask
Camouflage,camourflage_00964,orphan_mask
Camouflage,camourflage_00710,orphan_mask
Camouflage,camourflage_00687,orphan_mask
Camouflage,camourflage_00618,orphan_mask
Camouflage,camourflage_00666,orphan_mask
Camouflage,camourflage_00590,orphan_mask
Camouflage,camourflage_01054,orphan_mask
Camouflage,camourflage_00079,orphan_mask
Camouflage,camourflage_00808,orphan_mask
Camouflage,camourflage_00205,orphan_mask
Camouflage,camourflage_01135,orphan_mask
Camouflage,camourflage_00573,orphan_mask
Camouflage,camourflage_01125,orphan_mask
Camouflage,camourflage_00408,orphan_mask
Camouflage,camourflage_00623,orphan_mask
Camouflage,camourflage_00876,orphan_mask
Camouflage,camourflage_00194,orphan_mask
Camouflage,camourflage_00398,orphan_mask
Camouflage,camourflage_00762,orphan_mask
Camouflage,camourflage_00315,orphan_mask
Camouflage,camourflage_00987,orphan_mask
Camouflage,camourflage_00098,orphan_mask
Camouflage,camourflage_01064,orphan_mask
Camouflage,camourflage_00815,orphan_mask
Camouflage,camourflage_01046,orphan_mask
Camouflage,camourflage_00665,orphan_mask
Camouflage,camourflage_00887,orphan_mask
Camouflage,camourflage_00662,orphan_mask
Camouflage,camourflage_01227,orphan_mask
Camouflage,camourflage_00873,orphan_mask
Camouflage,camourflage_00210,orphan_mask
Camouflage,camourflage_00709,orphan_mask
Camouflage,camourflage_01113,orphan_mask
Camouflage,camourflage_00248,orphan_mask
Camouflage,camourflage_00787,orphan_mask
Camouflage,camourflage_00760,orphan_mask
Camouflage,camourflage_01189,orphan_mask
Camouflage,camourflage_00820,orphan_mask
Camouflage,camourflage_00031,orphan_mask
Camouflage,camourflage_01010,orphan_mask
Camouflage,camourflage_00157,orphan_mask
Camouflage,camourflage_00742,orphan_mask
Camouflage,camourflage_00798,orphan_mask
Camouflage,camourflage_01232,orphan_mask
Camouflage,camourflage_01001,orphan_mask
Camouflage,camourflage_00993,orphan_mask
Camouflage,camourflage_00617,orphan_mask
Camouflage,camourflage_00957,orphan_mask
Camouflage,camourflage_00150,orphan_mask
Camouflage,camourflage_00847,orphan_mask
Camouflage,camourflage_00225,orphan_mask
Camouflage,camourflage_00905,orphan_mask
Camouflage,camourflage_00658,orphan_mask
Camouflage,camourflage_00620,orphan_mask
Camouflage,camourflage_00168,orphan_mask
Camouflage,camourflage_00810,orphan_mask
Camouflage,camourflage_00959,orphan_mask
Camouflage,camourflage_01006,orphan_mask
Camouflage,camourflage_00848,orphan_mask
Camouflage,camourflage_00120,orphan_mask
Camouflage,camourflage_00107,orphan_mask
Camouflage,camourflage_00526,orphan_mask
Camouflage,camourflage_00399,orphan_mask
Camouflage,camourflage_00677,orphan_mask
Camouflage,camourflage_00661,orphan_mask
Camouflage,camourflage_00160,orphan_mask
Camouflage,camourflage_00788,orphan_mask
Camouflage,camourflage_01121,orphan_mask
Camouflage,camourflage_01216,orphan_mask
Camouflage,camourflage_01169,orphan_mask
Camouflage,camourflage_00972,orphan_mask
Camouflage,camourflage_00945,orphan_mask
Camouflage,camourflage_00985,orphan_mask
Camouflage,camourflage_00077,orphan_mask
Camouflage,camourflage_01210,orphan_mask
Camouflage,camourflage_00310,orphan_mask
Camouflage,camourflage_00531,orphan_mask
Camouflage,camourflage_00198,orphan_mask
Camouflage,camourflage_01041,orphan_mask
Camouflage,camourflage_00722,orphan_mask
Camouflage,camourflage_01004,orphan_mask
Camouflage,camourflage_00134,orphan_mask
Camouflage,camourflage_00070,orphan_mask
Camouflage,camourflage_00596,orphan_mask
Camouflage,camourflage_00037,orphan_mask
Camouflage,camourflage_01050,orphan_mask
Camouflage,camourflage_01089,orphan_mask
Camouflage,camourflage_01243,orphan_mask
Camouflage,camourflage_00819,orphan_mask
Camouflage,camourflage_01229,orphan_mask
Camouflage,camourflage_01143,orphan_mask
Camouflage,camourflage_01142,orphan_mask
Camouflage,camourflage_00136,orphan_mask
Camouflage,camourflage_00014,orphan_mask
Camouflage,camourflage_01183,orphan_mask
Camouflage,camourflage_00486,orphan_mask
Camouflage,camourflage_00290,orphan_mask
Camouflage,camourflage_00528,orphan_mask
Camouflage,camourflage_00917,orphan_mask
Camouflage,camourflage_00992,orphan_mask
Camouflage,camourflage_00955,orphan_mask
Camouflage,camourflage_00832,orphan_mask
Camouflage,camourflage_00084,orphan_mask
Camouflage,camourflage_00257,orphan_mask
Camouflage,camourflage_00426,orphan_mask
Camouflage,camourflage_00510,orphan_mask
Camouflage,camourflage_00302,orphan_mask
Camouflage,camourflage_00158,orphan_mask
Camouflage,camourflage_00174,orphan_mask
Camouflage,camourflage_00213,orphan_mask
Camouflage,camourflage_00372,orphan_mask
Camouflage,camourflage_00300,orphan_mask
Camouflage,camourflage_00775,orphan_mask
Camouflage,camourflage_00835,orphan_mask
Camouflage,camourflage_00305,orphan_mask
Camouflage,camourflage_01201,orphan_mask
Camouflage,camourflage_00268,orphan_mask
Camouflage,camourflage_01161,orphan_mask
Camouflage,camourflage_00314,orphan_mask
Camouflage,camourflage_00886,orphan_mask
Camouflage,camourflage_00221,orphan_mask
Camouflage,camourflage_00323,orphan_mask
Camouflage,camourflage_00309,orphan_mask
Camouflage,camourflage_00998,orphan_mask
Camouflage,camourflage_00386,orphan_mask
Camouflage,camourflage_00716,orphan_mask
Camouflage,camourflage_00471,orphan_mask
Camouflage,camourflage_00182,orphan_mask
Camouflage,camourflage_00598,orphan_mask
Camouflage,camourflage_01086,orphan_mask
Camouflage,camourflage_00332,orphan_mask
Camouflage,camourflage_01178,orphan_mask
Camouflage,camourflage_01084,orphan_mask
Camouflage,camourflage_01176,orphan_mask
Camouflage,camourflage_00301,orphan_mask
Camouflage,camourflage_00751,orphan_mask
Camouflage,camourflage_00912,orphan_mask
Camouflage,camourflage_00040,orphan_mask
Camouflage,camourflage_00599,orphan_mask
Camouflage,camourflage_00462,orphan_mask
Camouflage,camourflage_01249,orphan_mask
Camouflage,camourflage_00373,orphan_mask
Camouflage,camourflage_01082,orphan_mask
Camouflage,camourflage_01166,orphan_mask
Camouflage,camourflage_00690,orphan_mask
Camouflage,camourflage_00239,orphan_mask
Camouflage,camourflage_01160,orphan_mask
Camouflage,camourflage_00646,orphan_mask
Camouflage,camourflage_00511,orphan_mask
Camouflage,camourflage_01240,orphan_mask
Camouflage,camourflage_00951,orphan_mask
Camouflage,camourflage_00025,orphan_mask
Camouflage,camourflage_01068,orphan_mask
Camouflage,camourflage_00670,orphan_mask
Camouflage,camourflage_00061,orphan_mask
Camouflage,camourflage_00021,orphan_mask
Camouflage,camourflage_01094,orphan_mask
Camouflage,camourflage_01096,orphan_mask
Camouflage,camourflage_00892,orphan_mask
Camouflage,camourflage_01027,orphan_mask
Camouflage,camourflage_01021,orphan_mask
Camouflage,camourflage_00443,orphan_mask
Camouflage,camourflage_00453,orphan_mask
Camouflage,camourflage_00592,orphan_mask
Camouflage,camourflage_00524,orphan_mask
Camouflage,camourflage_00939,orphan_mask
Camouflage,camourflage_00267,orphan_mask
Camouflage,camourflage_00828,orphan_mask
Camouflage,camourflage_00047,orphan_mask
Camouflage,camourflage_01035,orphan_mask
Camouflage,camourflage_00660,orphan_mask
Camouflage,camourflage_01159,orphan_mask
Camouflage,camourflage_00409,orphan_mask
Camouflage,camourflage_01168,orphan_mask
Camouflage,camourflage_00381,orphan_mask
Camouflage,camourflage_00778,orphan_mask
Camouflage,camourflage_00557,orphan_mask
Camouflage,camourflage_00659,orphan_mask
Camouflage,camourflage_00846,orphan_mask
Camouflage,camourflage_00360,orphan_mask
Camouflage,camourflage_00575,orphan_mask
Camouflage,camourflage_00051,orphan_mask
Camouflage,camourflage_00625,orphan_mask
Camouflage,camourflage_00740,orphan_mask
Camouflage,camourflage_00203,orphan_mask
Camouflage,camourflage_00438,orphan_mask
Camouflage,camourflage_00538,orphan_mask
Camouflage,camourflage_01100,orphan_mask
Camouflage,camourflage_00522,orphan_mask
Camouflage,camourflage_00044,orphan_mask
Camouflage,camourflage_00988,orphan_mask
Camouflage,camourflage_00368,orphan_mask
Camouflage,camourflage_00481,orphan_mask
Camouflage,camourflage_00024,orphan_mask
Camouflage,camourflage_00114,orphan_mask
Camouflage,camourflage_01170,orphan_mask
Camouflage,camourflage_01036,orphan_mask
Camouflage,camourflage_00639,orphan_mask
Camouflage,camourflage_00595,orphan_mask
Camouflage,camourflage_00045,orphan_mask
