category,file,area_ratio
Camouflage,camourflage_00362.png,0.14416666666666667
Camouflage,camourflage_00518.png,0.07204690831556503
Camouflage,camourflage_00068.png,0.3467394426888825
Camouflage,camourflage_01176.png,0.48687723739641225
Camouflage,camourflage_00247.png,0.05513925140093364
Camouflage,camourflage_00181.png,0.15549276672694395
Camouflage,camourflage_01164.png,0.27461962781111715
Camouflage,camourflage_01191.png,0.14082573784722222
Camouflage,camourflage_00847.png,0.018104296303074672
Camouflage,camourflage_00257.png,0.31506506506506504
Camouflage,camourflage_00438.png,0.14490609217171718
Camouflage,camourflage_00712.png,0.12954938271604938
Camouflage,camourflage_00749.png,0.2596524379677688
Camouflage,camourflage_00874.png,0.15543276736924277
Camouflage,camourflage_00766.png,0.5359022394222118
Camouflage,camourflage_00699.png,0.3029283114628201
Camouflage,camourflage_00118.png,0.1909486607142857
Camouflage,camourflage_00220.png,0.02281152647975078
Camouflage,camourflage_00658.png,0.23242807232369764
Camouflage,camourflage_01127.png,0.37228672492717435
Camouflage,camourflage_00725.png,0.0915495706479313
Camouflage,camourflage_00340.png,0.05380597014925373
Camouflage,camourflage_00032.png,0.07958491161616162
Camouflage,camourflage_00999.png,0.12180074035744139
Camouflage,camourflage_00033.png,0.1449406457739791
Camouflage,camourflage_00449.png,0.20561064004376367
Camouflage,camourflage_00536.png,0.058636934821180646
Camouflage,camourflage_00264.png,0.31238824134646886
Camouflage,camourflage_00573.png,0.297297385620915
Camouflage,camourflage_00101.png,0.02216494845360825
Camouflage,camourflage_00971.png,0.3725837512537613
Camouflage,camourflage_00784.png,0.08907407407407407
Camouflage,camourflage_00788.png,0.10672945205479452
Camouflage,camourflage_00104.png,0.10036205936182065
Camouflage,camourflage_00263.png,0.07507755870201285
Camouflage,camourflage_00534.png,0.11296023161804873
Camouflage,camourflage_00567.png,0.06472805600430802
Camouflage,camourflage_00551.png,0.2968674252937367
Camouflage,camourflage_00743.png,0.18747807569610955
Camouflage,camourflage_00039.png,0.04476503759398496
Camouflage,camourflage_00381.png,0.17288
Camouflage,camourflage_00665.png,0.051899063475546306
Camouflage,camourflage_00742.png,0.2865058281377067
Camouflage,camourflage_00571.png,0.08563437957540264
Camouflage,camourflage_00560.png,0.1678793256433008
Camouflage,camourflage_00496.png,0.029089272858171346
Camouflage,camourflage_00084.png,0.15116037735849056
Camouflage,camourflage_00261.png,0.006091432474629196
Camouflage,camourflage_00939.png,0.2389817546159729
Camouflage,camourflage_01212.png,0.0252603706972639
Camouflage,camourflage_00885.png,0.2985161936260448
Camouflage,camourflage_00475.png,0.064275
Camouflage,camourflage_00057.png,0.15006554307116104
Camouflage,camourflage_00390.png,0.05027080664348463
Camouflage,camourflage_00321.png,0.2380399385560676
Camouflage,camourflage_00282.png,0.19545833333333335
Camouflage,camourflage_00800.png,0.323537271553068
Camouflage,camourflage_00630.png,0.2937401008047107
Camouflage,camourflage_00054.png,0.14596156881313133
Camouflage,camourflage_00656.png,0.041250923872875093
Camouflage,camourflage_00814.png,0.07987201399101714
Camouflage,camourflage_00360.png,0.15340833333333334
Camouflage,camourflage_00443.png,0.31491622864651775
Camouflage,camourflage_00716.png,0.25432572614107885
Camouflage,camourflage_01060.png,0.15736121010532986
Camouflage,camourflage_00659.png,0.24637510592222955
Camouflage,camourflage_00370.png,0.040853056764711064
Camouflage,camourflage_00251.png,0.14042460774078505
Camouflage,camourflage_00028.png,0.04197614734299517
Camouflage,camourflage_00998.png,0.09887006557798637
Camouflage,camourflage_00677.png,0.06053677014042868
Camouflage,camourflage_00552.png,0.06659509202453988
Camouflage,camourflage_00071.png,0.14782281836706432
Camouflage,camourflage_00167.png,0.23115
Camouflage,camourflage_00990.png,0.0496747572815534
Camouflage,camourflage_00639.png,0.034612093883685975
Camouflage,camourflage_00654.png,0.04808434588581158
Camouflage,camourflage_00703.png,0.03656012418899017
Camouflage,camourflage_00643.png,0.2447316070784466
Camouflage,camourflage_00108.png,0.16812416871323035
Camouflage,camourflage_00466.png,0.0326080476900149
Camouflage,camourflage_00279.png,0.24208823529411766
Camouflage,camourflage_00319.png,0.17459827950008117
Camouflage,camourflage_00861.png,0.027399182585205843
Camouflage,camourflage_01057.png,0.0423050173869846
Camouflage,camourflage_00521.png,0.015226929068914955
Camouflage,camourflage_01075.png,0.23362680264520755
Camouflage,camourflage_01188.png,0.13378797743055557
Camouflage,camourflage_00626.png,0.10583028083028083
Camouflage,camourflage_00863.png,0.09938356028621831
Camouflage,camourflage_01125.png,0.17163273257672634
Camouflage,camourflage_00107.png,0.07863733333333334
Camouflage,camourflage_00323.png,0.13070662961492654
Camouflage,camourflage_01039.png,0.4516600790513834
Camouflage,camourflage_00975.png,0.185875
Camouflage,camourflage_00820.png,0.10382958801498127
Camouflage,camourflage_01120.png,0.17775679416368081
Camouflage,camourflage_00137.png,0.09978464419475655
Camouflage,camourflage_00170.png,0.10260147805351981
Camouflage,camourflage_00427.png,0.30909923177964416
Camouflage,camourflage_00429.png,0.07773472429210135
Camouflage,camourflage_01129.png,0.07578235763232515
Camouflage,camourflage_00676.png,0.2879502118644068
Camouflage,camourflage_00937.png,0.04638571954361428
Camouflage,camourflage_00546.png,0.30254344745282313
Camouflage,camourflage_00824.png,0.14157038512616202
Camouflage,camourflage_00277.png,0.17825833333333332
Camouflage,camourflage_00511.png,0.17033678186220558
Camouflage,camourflage_00860.png,0.024600067316974037
Camouflage,camourflage_00490.png,0.08508928571428571
Camouflage,camourflage_00127.png,0.006336111111111111
Camouflage,camourflage_01007.png,0.23774050632911392
Camouflage,camourflage_00513.png,0.146340051457976
Camouflage,camourflage_00853.png,0.10938897168405365
Camouflage,camourflage_00038.png,0.20973015873015874
Camouflage,camourflage_00681.png,0.154375
Camouflage,camourflage_01145.png,0.09232222222222222
Camouflage,camourflage_01241.png,0.14240103270223753
Camouflage,camourflage_00151.png,0.33825404799629016
Camouflage,camourflage_01150.png,0.07658899020601148
Camouflage,camourflage_01246.png,0.18146432477642668
Camouflage,camourflage_01126.png,0.13681735687180333
Camouflage,camourflage_00078.png,0.5065230109204368
Camouflage,camourflage_01144.png,0.3274362818590705
Camouflage,camourflage_01192.png,0.14853024758766467
Camouflage,camourflage_00944.png,0.09040740740740741
Camouflage,camourflage_00827.png,0.2109023178807947
Camouflage,camourflage_00154.png,0.24490645314729664
Camouflage,camourflage_00343.png,0.10965121722846442
Camouflage,camourflage_00501.png,0.13325479190935083
Camouflage,camourflage_00628.png,0.08657777777777778
Camouflage,camourflage_00169.png,0.13081932454944722
Camouflage,camourflage_00711.png,0.13277151870211806
Camouflage,camourflage_00629.png,0.0999766791044776
Camouflage,camourflage_00759.png,0.16085576152933115
Camouflage,camourflage_00444.png,0.36845625
Camouflage,camourflage_00545.png,0.21572009118842303
Camouflage,camourflage_00873.png,0.3740337099032014
Camouflage,camourflage_00093.png,0.1614857960147966
Camouflage,camourflage_01245.png,0.05264747920997921
Camouflage,camourflage_01066.png,0.363234126984127
Camouflage,camourflage_00801.png,0.07415735482689137
Camouflage,camourflage_00848.png,0.18056944444444445
Camouflage,camourflage_00910.png,0.03499496475327291
Camouflage,camourflage_00288.png,0.30488333333333334
Camouflage,camourflage_00299.png,0.04851507594649739
Camouflage,camourflage_00783.png,0.160051512780386
Camouflage,camourflage_00195.png,0.026738806555320318
Camouflage,camourflage_00126.png,0.0732
Camouflage,camourflage_00830.png,0.3292501099545521
Camouflage,camourflage_00355.png,0.04594832087413879
Camouflage,camourflage_00305.png,0.13818619128466328
Camouflage,camourflage_00666.png,0.48349992067269554
Camouflage,camourflage_00815.png,0.32660668380462726
Camouflage,camourflage_00140.png,0.146557863756103
Camouflage,camourflage_01044.png,0.059010772265210135
Camouflage,camourflage_00227.png,0.015763571074955927
Camouflage,camourflage_00621.png,0.029798177083333332
Camouflage,camourflage_00543.png,0.10439138576779027
Camouflage,camourflage_01181.png,0.3090395255343709
Camouflage,camourflage_00523.png,0.08891566265060241
Camouflage,camourflage_00614.png,0.04991738485401042
Camouflage,camourflage_00537.png,0.22878300230628895
Camouflage,camourflage_00967.png,0.20761835995016423
Camouflage,camourflage_00296.png,0.1799148190900768
Camouflage,camourflage_01046.png,0.15608733371891267
Camouflage,camourflage_00190.png,0.2865998329156224
Camouflage,camourflage_00772.png,0.3372764423076923
Camouflage,camourflage_00289.png,0.033425465266261285
Camouflage,camourflage_00311.png,0.3596153338088822
Camouflage,camourflage_00566.png,0.07024518044008299
Camouflage,camourflage_00618.png,0.27383703703703705
Camouflage,camourflage_00249.png,0.3585092675190802
Camouflage,camourflage_01238.png,0.13525695166320167
Camouflage,camourflage_00283.png,0.33201641144349475
Camouflage,camourflage_00694.png,0.04389731440940274
Camouflage,camourflage_00061.png,0.13680989583333333
Camouflage,camourflage_00906.png,0.1521714501510574
Camouflage,camourflage_00144.png,0.08832455113192818
Camouflage,camourflage_00358.png,0.08517790262172284
Camouflage,camourflage_00787.png,0.09702306578608119
Camouflage,camourflage_00782.png,0.09693541666666666
Camouflage,camourflage_00850.png,0.40523230668715665
Camouflage,camourflage_00920.png,0.1495442423277475
Camouflage,camourflage_00442.png,0.05902615144418423
Camouflage,camourflage_01217.png,0.273823320965523
Camouflage,camourflage_00209.png,0.22959459459459458
Camouflage,camourflage_00483.png,0.08813553481411468
Camouflage,camourflage_00613.png,0.3894047619047619
Camouflage,camourflage_00252.png,0.17557971014492754
Camouflage,camourflage_00168.png,0.010595211456701724
Camouflage,camourflage_01061.png,0.21511904761904763
Camouflage,camourflage_00312.png,0.09417774067116584
Camouflage,camourflage_00337.png,0.06767174082747854
Camouflage,camourflage_01162.png,0.04361117674858223
Camouflage,camourflage_00384.png,0.10524450870663418
Camouflage,camourflage_00189.png,0.21821960563880302
Camouflage,camourflage_00816.png,0.09478922716627634
Camouflage,camourflage_00693.png,0.12435353239656519
Camouflage,camourflage_00877.png,0.08125925925925925
Camouflage,camourflage_00948.png,0.1928317694369973
Camouflage,camourflage_00864.png,0.2713065843621399
Camouflage,camourflage_00280.png,0.09640704314720812
Camouflage,camourflage_00929.png,0.21604029337565103
Camouflage,camourflage_00270.png,0.05551670551670552
Camouflage,camourflage_00005.png,0.05781818181818182
Camouflage,camourflage_00951.png,0.09416666666666666
Camouflage,camourflage_00515.png,0.16376266666666667
Camouflage,camourflage_00351.png,0.1765407986111111
Camouflage,camourflage_01062.png,0.3746098642228098
Camouflage,camourflage_00616.png,0.07039941090210355
Camouflage,camourflage_00719.png,0.08047742478407642
Camouflage,camourflage_00500.png,0.01967799642218247
Camouflage,camourflage_00646.png,0.009382714877694905
Camouflage,camourflage_01107.png,0.39922962962962966
Camouflage,camourflage_00016.png,0.21167582417582417
Camouflage,camourflage_00871.png,0.2586
Camouflage,camourflage_00188.png,0.09178187403993855
Camouflage,camourflage_00063.png,0.40190686756348104
Camouflage,camourflage_01045.png,0.08016315911052753
Camouflage,camourflage_01215.png,0.1470117982703795
Camouflage,camourflage_01146.png,0.299792
Camouflage,camourflage_00930.png,0.2692143524076297
Camouflage,camourflage_00818.png,0.059505419530908064
Camouflage,camourflage_00245.png,0.32742117117117114
Camouflage,camourflage_00092.png,0.03585677749360614
Camouflage,camourflage_00733.png,0.16404378823575444
Camouflage,camourflage_00404.png,0.10425513698630137
Camouflage,camourflage_01116.png,0.16927814612584505
Camouflage,camourflage_00121.png,0.045953776041666665
Camouflage,camourflage_00344.png,0.10041027710519236
Camouflage,camourflage_00878.png,0.10939467312348668
Camouflage,camourflage_00609.png,0.3467262791852956
Camouflage,camourflage_00869.png,0.13257300186408585
Camouflage,camourflage_00550.png,0.1645876711167221
Camouflage,camourflage_00690.png,0.12085305719921105
Camouflage,camourflage_00042.png,0.08177086009331198
Camouflage,camourflage_00868.png,0.03357883899580265
Camouflage,camourflage_00651.png,0.18196629213483145
Camouflage,camourflage_00192.png,0.045878092447916664
Camouflage,camourflage_00530.png,0.45120447004551456
Camouflage,camourflage_00992.png,0.09471375112908081
Camouflage,camourflage_00732.png,0.24206726955418054
Camouflage,camourflage_00081.png,0.1804317014114451
Camouflage,camourflage_01034.png,0.009667646796756661
Camouflage,camourflage_00883.png,0.07180333081601017
Camouflage,camourflage_00267.png,0.06207650273224044
Camouflage,camourflage_00805.png,0.2693733049802761
Camouflage,camourflage_00211.png,0.16616666666666666
Camouflage,camourflage_01065.png,0.4619061728395062
Camouflage,camourflage_01249.png,0.034318129481936036
Camouflage,camourflage_00872.png,0.14079166666666668
Camouflage,camourflage_00111.png,0.18044464010565706
Camouflage,camourflage_00119.png,0.09538411458333333
Camouflage,camourflage_00781.png,0.26176666666666665
Camouflage,camourflage_00729.png,0.17320932927322213
Camouflage,camourflage_00469.png,0.04876412227556775
Camouflage,camourflage_00116.png,0.1564465915190553
Camouflage,camourflage_00574.png,0.09999912422630867
Camouflage,camourflage_00090.png,0.30585709257303767
Camouflage,camourflage_00480.png,0.1098874309503271
Camouflage,camourflage_00789.png,0.3013308798356727
Camouflage,camourflage_00004.png,0.08822265625
Camouflage,camourflage_00292.png,0.13269746646795827
Camouflage,camourflage_01084.png,0.5941381910544906
Camouflage,camourflage_01102.png,0.09036112383570011
Camouflage,camourflage_00163.png,0.14533783783783782
Camouflage,camourflage_00213.png,0.14995491284071233
Camouflage,camourflage_00382.png,0.09606902356902357
Camouflage,camourflage_00597.png,0.03986462527452416
Camouflage,camourflage_01104.png,0.09340010405827263
Camouflage,camourflage_01014.png,0.11515344505035227
Camouflage,camourflage_00159.png,0.15925416666666667
Camouflage,camourflage_00792.png,0.13547585227272727
Camouflage,camourflage_00297.png,0.20120666666666667
Camouflage,camourflage_00342.png,0.06567925347222223
Camouflage,camourflage_01201.png,0.34699923547400613
Camouflage,camourflage_01114.png,0.16507994529972553
Camouflage,camourflage_01228.png,0.10620286729600695
Camouflage,camourflage_01053.png,0.06740319865319866
Camouflage,camourflage_01230.png,0.1357523673112119
Camouflage,camourflage_00366.png,0.06456473214285714
Camouflage,camourflage_00858.png,0.11034644194756554
Camouflage,camourflage_00304.png,0.06549369770989681
Camouflage,camourflage_00684.png,0.05141749263062101
Camouflage,camourflage_00908.png,0.03785371235721703
Camouflage,camourflage_00980.png,0.0363816315929862
Camouflage,camourflage_00398.png,0.045501543209876545
Camouflage,camourflage_00599.png,0.3858417528747199
Camouflage,camourflage_01052.png,0.42831679787917737
Camouflage,camourflage_01054.png,0.1821827489916227
Camouflage,camourflage_00757.png,0.10108426534619654
Camouflage,camourflage_00837.png,0.13226415094339622
Camouflage,camourflage_00705.png,0.055068321705100544
Camouflage,camourflage_00274.png,0.15936413313462494
Camouflage,camourflage_00132.png,0.10676946030794618
Camouflage,camourflage_00886.png,0.05178786057692308
Camouflage,camourflage_00576.png,0.2424351011307533
Camouflage,camourflage_00193.png,0.2972989649681529
Camouflage,camourflage_00003.png,0.19221684272300468
Camouflage,camourflage_00086.png,0.03965
Camouflage,camourflage_01031.png,0.11545871650743837
Camouflage,camourflage_01106.png,0.07397589814583665
Camouflage,camourflage_00598.png,0.011649505766062603
Camouflage,camourflage_00465.png,0.1260890321040697
Camouflage,camourflage_00661.png,0.14639166666666667
Camouflage,camourflage_00041.png,0.06896274887604367
Camouflage,camourflage_01235.png,0.2438857142857143
Camouflage,camourflage_00062.png,0.247956
Camouflage,camourflage_01030.png,0.4516845906583595
Camouflage,camourflage_00731.png,0.054292785075195124
Camouflage,camourflage_00388.png,0.03363567649281935
Camouflage,camourflage_01186.png,0.07897179807292166
Camouflage,camourflage_00052.png,0.2712751346005933
Camouflage,camourflage_00505.png,0.04887613293051359
Camouflage,camourflage_00487.png,0.4659754250126241
Camouflage,camourflage_00363.png,0.3321904193997217
Camouflage,camourflage_00400.png,0.08116236162361623
Camouflage,camourflage_01024.png,0.12128328623173984
Camouflage,camourflage_00076.png,0.16494718309859155
Camouflage,camourflage_01083.png,0.2524659510960881
Camouflage,camourflage_01250.png,0.0771934521934522
Camouflage,camourflage_00495.png,0.09477436830211261
Camouflage,camourflage_00876.png,0.33453615520282187
Camouflage,camourflage_00440.png,0.041185527328714396
Camouflage,camourflage_00236.png,0.3754341983925079
Camouflage,camourflage_00428.png,0.1283258817685047
Camouflage,camourflage_00452.png,0.1460546875
Camouflage,camourflage_00701.png,0.2055638350720318
Camouflage,camourflage_00522.png,0.21581719471679767
Camouflage,camourflage_00025.png,0.10226413466365462
Camouflage,camourflage_00200.png,0.3136904761904762
Camouflage,camourflage_00780.png,0.2503277153558052
Camouflage,camourflage_00166.png,0.4538108108108108
Camouflage,camourflage_00580.png,0.21137505075618282
Camouflage,camourflage_00374.png,0.23421666666666666
Camouflage,camourflage_00817.png,0.34070647769277906
Camouflage,camourflage_01135.png,0.45646521739130436
Camouflage,camourflage_01115.png,0.1269788616398243
Camouflage,camourflage_00726.png,0.39318170099770555
Camouflage,camourflage_01194.png,0.08297784391534392
Camouflage,camourflage_01202.png,0.4725760101611495
Camouflage,camourflage_00026.png,0.2021058201058201
Camouflage,camourflage_00884.png,0.0808
Camouflage,camourflage_01047.png,0.15158683224916222
Camouflage,camourflage_00260.png,0.1822680995475113
Camouflage,camourflage_01204.png,0.34913902858234136
Camouflage,camourflage_00717.png,0.08241666666666667
Camouflage,camourflage_00986.png,0.3601747815230961
Camouflage,camourflage_00422.png,0.15804255928924554
Camouflage,camourflage_00361.png,0.1823470990391722
Camouflage,camourflage_00509.png,0.06990144418423107
Camouflage,camourflage_00349.png,0.24578347746276072
Camouflage,camourflage_00728.png,0.030402384500745158
Camouflage,camourflage_00769.png,0.0865557161848434
Camouflage,camourflage_00748.png,0.1835258548290342
Camouflage,camourflage_00268.png,0.34193740685543966
Camouflage,camourflage_01001.png,0.1884989016815634
Camouflage,camourflage_01078.png,0.40496770988574265
Camouflage,camourflage_00378.png,0.08951477969882878
Camouflage,camourflage_00248.png,0.0038137463647694224
Camouflage,camourflage_01211.png,0.12949856196073528
Camouflage,camourflage_00416.png,0.16856741573033707
Camouflage,camourflage_00447.png,0.1564765625
Camouflage,camourflage_00461.png,0.1836116420817254
Camouflage,camourflage_00779.png,0.29605882352941176
Camouflage,camourflage_00105.png,0.1657445368785575
Camouflage,camourflage_00544.png,0.021501333333333334
Camouflage,camourflage_01165.png,0.2686912225705329
Camouflage,camourflage_00318.png,0.06114232209737828
Camouflage,camourflage_00242.png,0.06638436067244015
Camouflage,camourflage_00533.png,0.5250116428786675
Camouflage,camourflage_00431.png,0.11775416666666666
Camouflage,camourflage_00142.png,0.13829026792332946
Camouflage,camourflage_01073.png,0.4581088664421998
Camouflage,camourflage_00894.png,0.08233485053512117
Camouflage,camourflage_00586.png,0.17564150943396226
Camouflage,camourflage_00799.png,0.21592592592592594
Camouflage,camourflage_00157.png,0.1467537313432836
Camouflage,camourflage_00795.png,0.15654480698191237
Camouflage,camourflage_00662.png,0.20085205992509364
Camouflage,camourflage_00352.png,0.04243754879000781
Camouflage,camourflage_00923.png,0.12578333333333333
Camouflage,camourflage_00147.png,0.036783333333333335
Camouflage,camourflage_00722.png,0.4428078358208955
Camouflage,camourflage_00232.png,0.14850421348314607
Camouflage,camourflage_00205.png,0.1034219798062599
Camouflage,camourflage_00254.png,0.14933299277918788
Camouflage,camourflage_00786.png,0.3380818181818182
Camouflage,camourflage_00308.png,0.06385850694444445
Camouflage,camourflage_00418.png,0.025125925925925927
Camouflage,camourflage_00403.png,0.08613436046474736
Camouflage,camourflage_00240.png,0.10200064829465541
Camouflage,camourflage_00474.png,0.2893310967685808
Camouflage,camourflage_00704.png,0.312115
Camouflage,camourflage_01168.png,0.320158024691358
Camouflage,camourflage_00441.png,0.1600954861111111
Camouflage,camourflage_01013.png,0.20498758072528564
Camouflage,camourflage_01109.png,0.08586108220603537
Camouflage,camourflage_00752.png,0.24847388179993551
Camouflage,camourflage_00243.png,0.3660436579511724
Camouflage,camourflage_00178.png,0.19278603976967862
Camouflage,camourflage_00139.png,0.12147022527645365
Camouflage,camourflage_00223.png,0.0804150390625
Camouflage,camourflage_00401.png,0.007355093676814989
Camouflage,camourflage_01225.png,0.07484730538922156
Camouflage,camourflage_00907.png,0.3121011673151751
Camouflage,camourflage_00034.png,0.09035494659618082
Camouflage,camourflage_01009.png,0.21985822306238184
Camouflage,camourflage_00109.png,0.22839509394572025
Camouflage,camourflage_00960.png,0.09394583333333334
Camouflage,camourflage_00754.png,0.28560833333333335
Camouflage,camourflage_00462.png,0.19680451127819548
Camouflage,camourflage_01089.png,0.3496835129075143
Camouflage,camourflage_00207.png,0.06650580156992418
Camouflage,camourflage_00066.png,0.07145283018867925
Camouflage,camourflage_00314.png,0.1400750402001072
Camouflage,camourflage_00315.png,0.3535932245609665
Camouflage,camourflage_00058.png,0.0437038357195192
Camouflage,camourflage_00471.png,0.03410014781966002
Camouflage,camourflage_00753.png,0.1720358505507163
Camouflage,camourflage_01092.png,0.2451320859033501
Camouflage,camourflage_00909.png,0.378673887587822
Camouflage,camourflage_01091.png,0.06774668630338733
Camouflage,camourflage_00332.png,0.15956946035002423
Camouflage,camourflage_00230.png,0.12619656942937205
Camouflage,camourflage_00198.png,0.20599166666666666
Camouflage,camourflage_00010.png,0.14007147118208516
Camouflage,camourflage_00991.png,0.22748214285714285
Camouflage,camourflage_00097.png,0.07251711089514278
Camouflage,camourflage_00575.png,0.28740079365079363
Camouflage,camourflage_00687.png,0.011191583333333333
Camouflage,camourflage_00751.png,0.37557572209211554
Camouflage,camourflage_01011.png,0.17961982914114685
Camouflage,camourflage_01118.png,0.19942183016261025
Camouflage,camourflage_00989.png,0.023991666666666668
Camouflage,camourflage_00942.png,0.02692483388704319
Camouflage,camourflage_01216.png,0.056337097784388945
Camouflage,camourflage_00027.png,0.17998498126589843
Camouflage,camourflage_01028.png,0.2699652260307998
Camouflage,camourflage_00897.png,0.5088763284639574
Camouflage,camourflage_00529.png,0.03439166666666667
Camouflage,camourflage_00224.png,0.07841096266471449
Camouflage,camourflage_01198.png,0.08771144468149954
Camouflage,camourflage_00371.png,0.15306
Camouflage,camourflage_00018.png,0.06853909743867732
Camouflage,camourflage_01244.png,0.100184
Camouflage,camourflage_00030.png,0.052211063323572476
Camouflage,camourflage_00199.png,0.20068716828330893
Camouflage,camourflage_00186.png,0.0659023178807947
Camouflage,camourflage_00854.png,0.09572701688555348
Camouflage,camourflage_00272.png,0.13088339222614842
Camouflage,camourflage_00532.png,0.45813980599203596
Camouflage,camourflage_00559.png,0.20993960993960994
Camouflage,camourflage_01018.png,0.20981895802039688
Camouflage,camourflage_00335.png,0.1674160638100538
Camouflage,camourflage_00275.png,0.12869379412857673
Camouflage,camourflage_00741.png,0.057343373493975905
Camouflage,camourflage_00758.png,0.3819838987924094
Camouflage,camourflage_00405.png,0.08073223785937049
Camouflage,camourflage_00983.png,0.09653155339805826
Camouflage,camourflage_00842.png,0.13458074915028556
Camouflage,camourflage_01037.png,0.14668650793650795
Camouflage,camourflage_01152.png,0.18583890739845876
Camouflage,camourflage_00238.png,0.22349553128103278
Camouflage,camourflage_00832.png,0.05060546875
Camouflage,camourflage_00302.png,0.09140546264048886
Camouflage,camourflage_00615.png,0.11411241262494931
Camouflage,camourflage_01141.png,0.40587510486577183
Camouflage,camourflage_01056.png,0.03380912962092907
Camouflage,camourflage_00420.png,0.17706008779952442
Camouflage,camourflage_00077.png,0.39372401247401245
Camouflage,camourflage_00902.png,0.1480859375
Camouflage,camourflage_01043.png,0.11864705408561878
Camouflage,camourflage_01090.png,0.10740188772975658
Camouflage,camourflage_00015.png,0.19299397590361445
Camouflage,camourflage_00589.png,0.00625731850117096
Camouflage,camourflage_00451.png,0.10448232323232323
Camouflage,camourflage_00412.png,0.12085250490393366
Camouflage,camourflage_01017.png,0.3216649323621228
Camouflage,camourflage_00265.png,0.2150810810810811
Camouflage,camourflage_00594.png,0.30091666666666667
Camouflage,camourflage_01095.png,0.17638745502109873
Camouflage,camourflage_01154.png,0.29860911615436175
Camouflage,camourflage_00244.png,0.16619798480961037
Camouflage,camourflage_00776.png,0.121425
Camouflage,camourflage_00425.png,0.19771860618014464
Camouflage,camourflage_00114.png,0.17992063492063493
Camouflage,camourflage_00520.png,0.053336182270959404
Camouflage,camourflage_00414.png,0.14375833333333332
Camouflage,camourflage_00744.png,0.0635871512160172
Camouflage,camourflage_01196.png,0.2599163252209113
Camouflage,camourflage_01197.png,0.064848
Camouflage,camourflage_01221.png,0.12167000668002673
Camouflage,camourflage_00774.png,0.45375411755097594
Camouflage,camourflage_00900.png,0.2611607142857143
Camouflage,camourflage_01236.png,0.3455229171363136
Camouflage,camourflage_00161.png,0.09099777034559643
Camouflage,camourflage_01187.png,0.10960083594566353
Camouflage,camourflage_00695.png,0.2781908302354399
Camouflage,camourflage_00413.png,0.13946629213483147
Camouflage,camourflage_00458.png,0.40378968253968256
Camouflage,camourflage_00825.png,0.3353997975708502
Camouflage,camourflage_00476.png,0.24239700374531836
Camouflage,camourflage_00112.png,0.220478515625
Camouflage,camourflage_01153.png,0.0331568682084146
Camouflage,camourflage_01026.png,0.16634920634920636
Camouflage,camourflage_00771.png,0.31308659893565555
Camouflage,camourflage_00696.png,0.06475951584647237
Camouflage,camourflage_01178.png,0.19901585565882995
Camouflage,camourflage_00785.png,0.18843888888888888
Camouflage,camourflage_00636.png,0.12341182777277325
Camouflage,camourflage_01205.png,0.06906635802469135
Camouflage,camourflage_01121.png,0.34623532779845406
Camouflage,camourflage_00602.png,0.22080314380449464
Camouflage,camourflage_01021.png,0.15666428514725728
Camouflage,camourflage_00674.png,0.182
Camouflage,camourflage_00023.png,0.06490334013213056
Camouflage,camourflage_00491.png,0.2867573763955343
Camouflage,camourflage_00887.png,0.021636309152608262
Camouflage,camourflage_00177.png,0.13773699448958626
Camouflage,camourflage_00327.png,0.1425
Camouflage,camourflage_01080.png,0.47061507936507935
Camouflage,camourflage_00612.png,0.12211666666666667
Camouflage,camourflage_00080.png,0.31734082397003743
Camouflage,camourflage_01160.png,0.4345366379310345
Camouflage,camourflage_00890.png,0.06599426978472975
Camouflage,camourflage_01010.png,0.01897665176353701
Camouflage,camourflage_00259.png,0.05977462557603687
Camouflage,camourflage_00075.png,0.6407992007992008
Camouflage,camourflage_00896.png,0.1664728139013453
Camouflage,camourflage_00383.png,0.18682584269662922
Camouflage,camourflage_01081.png,0.1529674003900808
Camouflage,camourflage_00570.png,0.22695
Camouflage,camourflage_00334.png,0.04068353078459682
Camouflage,camourflage_00882.png,0.19249562682215743
Camouflage,camourflage_00433.png,0.3029626865671642
Camouflage,camourflage_00149.png,0.19155489319423746
Camouflage,camourflage_00972.png,0.05580543724873622
Camouflage,camourflage_00359.png,0.3166805555555556
Camouflage,camourflage_00562.png,0.06365298419438546
Camouflage,camourflage_00172.png,0.3936413313462494
Camouflage,camourflage_00734.png,0.10485049833887043
Camouflage,camourflage_00008.png,0.18055719994080213
Camouflage,camourflage_01218.png,0.3536331741898148
Camouflage,camourflage_00083.png,0.4829296875
Camouflage,camourflage_00494.png,0.18257206856252434
Camouflage,camourflage_00085.png,0.148864406779661
Camouflage,camourflage_00472.png,0.15368421052631578
Camouflage,camourflage_00558.png,0.08005228024574669
Camouflage,camourflage_00434.png,0.317109926168991
Camouflage,camourflage_01142.png,0.21044947036931005
Camouflage,camourflage_01231.png,0.2951906872230198
Camouflage,camourflage_00457.png,0.07492730932677254
Camouflage,camourflage_00014.png,0.09839920948616601
Camouflage,camourflage_00949.png,0.3482184484648833
Camouflage,camourflage_00369.png,0.03032357473035439
Camouflage,camourflage_00714.png,0.15471466666666667
Camouflage,camourflage_00526.png,0.030467776645146674
Camouflage,camourflage_00330.png,0.2771895598151375
Camouflage,camourflage_00138.png,0.35682444444444444
Camouflage,camourflage_00273.png,0.13018864375858114
Camouflage,camourflage_00473.png,0.10508554193037975
Camouflage,camourflage_00482.png,0.02299625468164794
Camouflage,camourflage_00595.png,0.6372309711286089
Camouflage,camourflage_00455.png,0.0724812030075188
Camouflage,camourflage_01138.png,0.2380844793713163
Camouflage,camourflage_00089.png,0.16061037561576355
Camouflage,camourflage_00498.png,0.09577169875042216
Camouflage,camourflage_00985.png,0.2549
Camouflage,camourflage_00160.png,0.22409431524547804
Camouflage,camourflage_00946.png,0.3320892559358374
Camouflage,camourflage_00266.png,0.2801298309178744
Camouflage,camourflage_00287.png,0.18056179775280898
Camouflage,camourflage_00954.png,0.3720433255269321
Camouflage,camourflage_00828.png,0.16328802206461782
Camouflage,camourflage_00691.png,0.2128184713375796
Camouflage,camourflage_00768.png,0.24261333333333332
Camouflage,camourflage_00049.png,0.08841294298921418
Camouflage,camourflage_01119.png,0.1734615793389308
Camouflage,camourflage_00634.png,0.020737951807228917
Camouflage,camourflage_00069.png,0.0600594574507618
Camouflage,camourflage_00905.png,0.0718930869466809
Camouflage,camourflage_00100.png,0.09393832391713748
Camouflage,camourflage_01048.png,0.21921627902460497
Camouflage,camourflage_00899.png,0.24017543859649124
Camouflage,camourflage_00056.png,0.15634533856333452
Camouflage,camourflage_00364.png,0.3297343287065795
Camouflage,camourflage_01041.png,0.13044166666666668
Camouflage,camourflage_00746.png,0.7266961726351487
Camouflage,camourflage_00281.png,0.07206818181818182
Camouflage,camourflage_01064.png,0.775946106597979
Camouflage,camourflage_00346.png,0.0682019731737058
Camouflage,camourflage_01209.png,0.3298615177925523
Camouflage,camourflage_00843.png,0.1097736143637783
Camouflage,camourflage_00584.png,0.20181866666666667
Camouflage,camourflage_01033.png,0.01796525401421427
Camouflage,camourflage_00888.png,0.28984187924244526
Camouflage,camourflage_00686.png,0.29219211822660096
Camouflage,camourflage_00176.png,0.015011682242990654
Camouflage,camourflage_00510.png,0.13155823293172692
Camouflage,camourflage_00922.png,0.08243445692883895
Camouflage,camourflage_01207.png,0.1483643078129766
Camouflage,camourflage_00377.png,0.07534330985915492
Camouflage,camourflage_00219.png,0.021222222222222222
Camouflage,camourflage_00775.png,0.2807931893687708
Camouflage,camourflage_00129.png,0.10849794238683128
Camouflage,camourflage_00702.png,0.12926666666666667
Camouflage,camourflage_01172.png,0.4153388822829964
Camouflage,camourflage_00183.png,0.3104815560026828
Camouflage,camourflage_00803.png,0.03657884211578842
Camouflage,camourflage_00479.png,0.03713483146067416
Camouflage,camourflage_01237.png,0.057801573426573424
Camouflage,camourflage_00059.png,0.2333545208962339
Camouflage,camourflage_00432.png,0.0747682110319473
Camouflage,camourflage_00928.png,0.13627469445839613
Camouflage,camourflage_00276.png,0.22094167572087625
Camouflage,camourflage_00596.png,0.004966822794691647
Camouflage,camourflage_00829.png,0.031479605341219206
Camouflage,camourflage_00150.png,0.10466504796401703
Camouflage,camourflage_00419.png,0.20726027942522787
Camouflage,camourflage_00036.png,0.04556051587301587
Camouflage,camourflage_00893.png,0.11940268830032609
Camouflage,camourflage_01183.png,0.3853386004514673
Camouflage,camourflage_01108.png,0.24418933333333334
Camouflage,camourflage_00881.png,0.07017925702793763
Camouflage,camourflage_00979.png,0.20022379557291667
Camouflage,camourflage_01059.png,0.01637941328662978
Camouflage,camourflage_00549.png,0.06992063492063492
Camouflage,camourflage_00770.png,0.029761843790012805
Camouflage,camourflage_00642.png,0.0965
Camouflage,camourflage_01003.png,0.2927578524248374
Camouflage,camourflage_01233.png,0.28937473889430443
Camouflage,camourflage_00635.png,0.08311025408348457
Camouflage,camourflage_00607.png,0.126256
Camouflage,camourflage_00258.png,0.05823333333333333
Camouflage,camourflage_00246.png,0.09662365591397849
Camouflage,camourflage_00919.png,0.1980327868852459
Camouflage,camourflage_00333.png,0.5766136972274732
Camouflage,camourflage_00834.png,0.1307359479199746
Camouflage,camourflage_00539.png,0.046858220695284857
Camouflage,camourflage_00688.png,0.1893144
Camouflage,camourflage_00940.png,0.027266727167725435
Camouflage,camourflage_00322.png,0.1493655100132006
Camouflage,camourflage_01240.png,0.19958121109224675
Camouflage,camourflage_00807.png,0.050857938718662954
Camouflage,camourflage_01105.png,0.09733618669562748
Camouflage,camourflage_00106.png,0.09256039956636208
Camouflage,camourflage_00368.png,0.1313777777777778
Camouflage,camourflage_00300.png,0.060323112429937355
Camouflage,camourflage_00934.png,0.17008621413371586
Camouflage,camourflage_00478.png,0.1928041671834305
Camouflage,camourflage_00798.png,0.029
Camouflage,camourflage_01140.png,0.24821548821548822
Camouflage,camourflage_00037.png,0.23196674923692095
Camouflage,camourflage_00021.png,0.3432964760877382
Camouflage,camourflage_00915.png,0.2437388392857143
Camouflage,camourflage_00838.png,0.15812443823030062
Camouflage,camourflage_00450.png,0.20108855038211396
Camouflage,camourflage_01005.png,0.4686093176163962
Camouflage,camourflage_00821.png,0.04872329855936414
Camouflage,camourflage_00162.png,0.043845375065069206
Camouflage,camourflage_00653.png,0.24625
Camouflage,camourflage_00622.png,0.12570349714999235
Camouflage,camourflage_00707.png,0.14400642013963014
Camouflage,camourflage_00600.png,0.17333112529352068
Camouflage,camourflage_01100.png,0.15488317021520145
Camouflage,camourflage_01223.png,0.10209982788296042
Camouflage,camourflage_00519.png,0.16392483999701024
Camouflage,camourflage_00645.png,0.26447264076130056
Camouflage,camourflage_01012.png,0.1262588066711778
Camouflage,camourflage_00463.png,0.022021624838805674
Camouflage,camourflage_01000.png,0.312808906467443
Camouflage,camourflage_00617.png,0.4007475
Camouflage,camourflage_00002.png,0.0295
Camouflage,camourflage_00969.png,0.048839622641509435
Camouflage,camourflage_00649.png,0.014327630918045679
Camouflage,camourflage_00155.png,0.07654897343195463
Camouflage,camourflage_01058.png,0.06688492063492063
Camouflage,camourflage_00644.png,0.2468820224719101
Camouflage,camourflage_00313.png,0.062229129662522205
Camouflage,camourflage_00606.png,0.13390833333333332
Camouflage,camourflage_00916.png,0.3227527151211362
Camouflage,camourflage_01101.png,0.3346085226103067
Camouflage,camourflage_00977.png,0.2889182770160855
Camouflage,camourflage_00692.png,0.056736377863138426
Camouflage,camourflage_00514.png,0.10124091502830157
Camouflage,camourflage_00548.png,0.2129359759059555
Camouflage,camourflage_00889.png,0.05775571578680387
Camouflage,camourflage_00718.png,0.07788888888888888
Camouflage,camourflage_01004.png,0.4112680737909257
Camouflage,camourflage_01019.png,0.32436570428696415
Camouflage,camourflage_00182.png,0.3007629693703285
Camouflage,camourflage_00640.png,0.029651851851851853
Camouflage,camourflage_00194.png,0.03259857612267251
Camouflage,camourflage_01239.png,0.2536821821223709
Camouflage,camourflage_01051.png,0.11770054517133956
Camouflage,camourflage_00206.png,0.025205078125
Camouflage,camourflage_00978.png,0.159033203125
Camouflage,camourflage_00345.png,0.13601589667163438
Camouflage,camourflage_00128.png,0.2682916769776458
Camouflage,camourflage_00525.png,0.12361111111111112
Camouflage,camourflage_00410.png,0.27098677437237667
Camouflage,camourflage_00675.png,0.04010846212488738
Camouflage,camourflage_00294.png,0.10635
Camouflage,camourflage_00256.png,0.1544159544159544
Camouflage,camourflage_00402.png,0.10513157894736842
Camouflage,camourflage_00408.png,0.16986138237847223
Camouflage,camourflage_00826.png,0.15489043824701196
Camouflage,camourflage_00503.png,0.09886924887297799
Camouflage,camourflage_00094.png,0.07367149758454106
Camouflage,camourflage_00791.png,0.06016455819701454
Camouflage,camourflage_01224.png,0.08187262055837563
Camouflage,camourflage_01050.png,0.2493656037537106
Camouflage,camourflage_01143.png,0.4731166666666667
Camouflage,camourflage_01155.png,0.2035944340369261
Camouflage,camourflage_00918.png,0.07803370786516854
Camouflage,camourflage_00715.png,0.2590798339150663
Camouflage,camourflage_01123.png,0.15963048498845264
Camouflage,camourflage_01193.png,0.3248100698376746
Camouflage,camourflage_00459.png,0.10689975247524752
Camouflage,camourflage_00051.png,0.4280705114511127
Camouflage,camourflage_00765.png,0.19036516853932584
Camouflage,camourflage_00730.png,0.2408
Camouflage,camourflage_00724.png,0.20077227142961715
Camouflage,camourflage_01203.png,0.11074628787479734
Camouflage,camourflage_00762.png,0.14679324894514767
Camouflage,camourflage_00022.png,0.4104309905780494
Camouflage,camourflage_00336.png,0.09175102699530517
Camouflage,camourflage_00961.png,0.22561666666666666
Camouflage,camourflage_01055.png,0.19756021452949782
Camouflage,camourflage_00875.png,0.044280797240077545
Camouflage,camourflage_00964.png,0.22561742669503285
Camouflage,camourflage_00901.png,0.1899355598669623
Camouflage,camourflage_00393.png,0.07685770750988143
Camouflage,camourflage_00950.png,0.09458915224524123
Camouflage,camourflage_00577.png,0.2268954918032787
Camouflage,camourflage_00269.png,0.1475607638888889
Camouflage,camourflage_00165.png,0.12015
Camouflage,camourflage_00253.png,0.2706815876014554
Camouflage,camourflage_01182.png,0.37013412816691504
Camouflage,camourflage_00096.png,0.08810049455453185
Camouflage,camourflage_00994.png,0.1267991799625635
Camouflage,camourflage_00988.png,0.03720005405301056
Camouflage,camourflage_00385.png,0.11091221003953158
Camouflage,camourflage_00974.png,0.10132756344433035
Camouflage,camourflage_00624.png,0.021566373450619753
Camouflage,camourflage_00933.png,0.2996530656105124
Camouflage,camourflage_00284.png,0.10010833333333333
Camouflage,camourflage_01169.png,0.21913567998730107
Camouflage,camourflage_00709.png,0.15327146847040396
Camouflage,camourflage_00557.png,0.007261904761904762
Camouflage,camourflage_00481.png,0.26380526577247887
Camouflage,camourflage_01185.png,0.06512956107879429
Camouflage,camourflage_00664.png,0.22524029434444723
Camouflage,camourflage_01038.png,0.1311746208653425
Camouflage,camourflage_00565.png,0.2017067706151296
Camouflage,camourflage_00581.png,0.16468195935876545
Camouflage,camourflage_00295.png,0.120387692552641
Camouflage,camourflage_00203.png,0.2060802095529141
Camouflage,camourflage_01020.png,0.12456192456192457
Camouflage,camourflage_01167.png,0.2717136150234742
Camouflage,camourflage_00623.png,0.11878930307941653
Camouflage,camourflage_00375.png,0.16673545966228892
Camouflage,camourflage_01177.png,0.10483246270880092
Camouflage,camourflage_01208.png,0.17436113522376542
Camouflage,camourflage_00411.png,0.05372972972972973
Camouflage,camourflage_00134.png,0.05272911051212938
Camouflage,camourflage_00506.png,0.015652
Camouflage,camourflage_00179.png,0.02999259259259259
Camouflage,camourflage_01136.png,0.3008674365387686
Camouflage,camourflage_00627.png,0.09595138888888889
Camouflage,camourflage_01117.png,0.19560134733505052
Camouflage,camourflage_00464.png,0.2042430290933285
Camouflage,camourflage_01195.png,0.1788135593220339
Camouflage,camourflage_00373.png,0.14549794823232323
Camouflage,camourflage_00454.png,0.09643459915611814
Camouflage,camourflage_00512.png,0.17055096418732782
Camouflage,camourflage_00952.png,0.1021425
Camouflage,camourflage_00720.png,0.3213979186155285
Camouflage,camourflage_01035.png,0.034893194237456536
Camouflage,camourflage_01025.png,0.08827388762972682
Camouflage,camourflage_00723.png,0.18487134273772204
Camouflage,camourflage_00255.png,0.24728336584006688
Camouflage,camourflage_00180.png,0.34132378472222225
Camouflage,camourflage_00637.png,0.23307844200092923
Camouflage,camourflage_01220.png,0.3027546088587976
Camouflage,camourflage_00091.png,0.15282083333333332
Camouflage,camourflage_00987.png,0.17476439375940445
Camouflage,camourflage_00763.png,0.15146393107476636
Camouflage,camourflage_00353.png,0.00693125
Camouflage,camourflage_00553.png,0.38175856929955293
Camouflage,camourflage_00590.png,0.1403759765625
Camouflage,camourflage_00013.png,0.19514439368571154
Camouflage,camourflage_00611.png,0.08259351325757576
Camouflage,camourflage_00392.png,0.4042407192321178
Camouflage,camourflage_01159.png,0.44808870732419026
Camouflage,camourflage_00234.png,0.057271011204821365
Camouflage,camourflage_01242.png,0.05337386494102912
Camouflage,camourflage_00698.png,0.16796875
Camouflage,camourflage_00973.png,0.42939453125
Camouflage,camourflage_00073.png,0.06562043795620438
Camouflage,camourflage_00856.png,0.01637079420970266
Camouflage,camourflage_00833.png,0.058256172839506175
Camouflage,camourflage_00737.png,0.23285833333333333
Camouflage,camourflage_00391.png,0.190263671875
Camouflage,camourflage_01232.png,0.24216201161772896
Camouflage,camourflage_01111.png,0.04400278940027894
Camouflage,camourflage_00941.png,0.142236328125
Camouflage,camourflage_00981.png,0.22224747474747475
Camouflage,camourflage_00043.png,0.21712802166059955
Camouflage,camourflage_00761.png,0.20401654411764705
Camouflage,camourflage_00208.png,0.26636026658679046
Camouflage,camourflage_00895.png,0.048216579993881924
Camouflage,camourflage_01032.png,0.5685047193243915
Camouflage,camourflage_00011.png,0.11594038763987957
Camouflage,camourflage_00303.png,0.2707081160689408
Camouflage,camourflage_00706.png,0.2232926843526757
Camouflage,camourflage_01148.png,0.06019417475728155
Camouflage,camourflage_00591.png,0.30111757286995516
Camouflage,camourflage_00430.png,0.18381341868183973
Camouflage,camourflage_00394.png,0.18702917642466824
Camouflage,camourflage_01134.png,0.033087877194007756
Camouflage,camourflage_01179.png,0.112178722049813
Camouflage,camourflage_00924.png,0.4082662692498758
Camouflage,camourflage_00226.png,0.19498566693541164
Camouflage,camourflage_00019.png,0.1727811056626398
Camouflage,camourflage_00564.png,0.07835
Camouflage,camourflage_01137.png,0.13947428385416666
Camouflage,camourflage_01189.png,0.06464235581784976
Camouflage,camourflage_00647.png,0.25958783678957437
Camouflage,camourflage_00583.png,0.027626641651031895
Camouflage,camourflage_00528.png,0.04829723791588198
Camouflage,camourflage_01093.png,0.1759236396890718
Camouflage,camourflage_01094.png,0.1835421686746988
Camouflage,camourflage_00095.png,0.10052898758010596
Camouflage,camourflage_00285.png,0.1421064253744742
Camouflage,camourflage_00306.png,0.13405
Camouflage,camourflage_00517.png,0.022106666666666667
Camouflage,camourflage_00542.png,0.20218100890207716
Camouflage,camourflage_00927.png,0.21449333333333334
Camouflage,camourflage_00468.png,0.003476288056206089
Camouflage,camourflage_00424.png,0.11161087449747244
Camouflage,camourflage_00339.png,0.19322155117609663
Camouflage,camourflage_01149.png,0.11189814814814815
Camouflage,camourflage_00857.png,0.06727512602394455
Camouflage,camourflage_00020.png,0.3830247894485937
Camouflage,camourflage_01072.png,0.20484764542936287
Camouflage,camourflage_00831.png,0.012067126502168811
Camouflage,camourflage_00439.png,0.0666323541056299
Camouflage,camourflage_01122.png,0.03691546907150206
Camouflage,camourflage_00064.png,0.16594343075233964
Camouflage,camourflage_01027.png,0.3067970020224452
Camouflage,camourflage_01042.png,0.03217017556640198
Camouflage,camourflage_00796.png,0.020515453834115807
Camouflage,camourflage_00585.png,0.10906903765690376
Camouflage,camourflage_00486.png,0.08951704545454546
Camouflage,camourflage_00329.png,0.1906084466714388
Camouflage,camourflage_01128.png,0.0748111111111111
Camouflage,camourflage_00936.png,0.02306336641461878
Camouflage,camourflage_00117.png,0.34512857142857145
Camouflage,camourflage_00913.png,0.11293650793650793
Camouflage,camourflage_00679.png,0.08334440211122374
Camouflage,camourflage_00963.png,0.37069010416666665
Camouflage,camourflage_01015.png,0.035628415300546445
Camouflage,camourflage_00007.png,0.11177774449320947
Camouflage,camourflage_00453.png,0.03591517857142857
Camouflage,camourflage_00436.png,0.21424550798580302
Camouflage,camourflage_00074.png,0.196600790513834
Camouflage,camourflage_01206.png,0.4538630283574104
Camouflage,camourflage_00956.png,0.27873282087118567
Camouflage,camourflage_00569.png,0.199
Camouflage,camourflage_00736.png,0.30268391619407686
Camouflage,camourflage_00341.png,0.025066371681415928
Camouflage,camourflage_00931.png,0.06725213596410351
Camouflage,camourflage_01171.png,0.26822174738841403
Camouflage,camourflage_00047.png,0.03848942598187311
Camouflage,camourflage_00650.png,0.0702332162373146
Camouflage,camourflage_00914.png,0.3674454828660436
Camouflage,camourflage_00006.png,0.29463483146067415
Camouflage,camourflage_00938.png,0.046891666666666665
Camouflage,camourflage_01156.png,0.41530572431859986
Camouflage,camourflage_00350.png,0.16916911764705883
Camouflage,camourflage_00682.png,0.09823660714285715
Camouflage,camourflage_01213.png,0.18334472544998862
Camouflage,camourflage_00233.png,0.044598552513736595
Camouflage,camourflage_00357.png,0.07513992537313433
Camouflage,camourflage_00671.png,0.09576127819548873
Camouflage,camourflage_00135.png,0.051591371027346636
Camouflage,camourflage_00467.png,0.4149
Camouflage,camourflage_00738.png,0.02824181496934605
Camouflage,camourflage_00298.png,0.052233479048519216
Camouflage,camourflage_00130.png,0.48188405797101447
Camouflage,camourflage_01067.png,0.11974764908939411
Camouflage,camourflage_00678.png,0.1712822356006829
Camouflage,camourflage_00851.png,0.23257758934781889
Camouflage,camourflage_00926.png,0.3876099866923551
Camouflage,camourflage_00241.png,0.03346202315348797
Camouflage,camourflage_00516.png,0.0022497406639004148
Camouflage,camourflage_00670.png,0.18019850126557024
Camouflage,camourflage_00239.png,0.013647002816677908
Camouflage,camourflage_00423.png,0.10862541701417848
Camouflage,camourflage_00945.png,0.2369256230529595
Camouflage,camourflage_01063.png,0.04312364256903506
Camouflage,camourflage_00870.png,0.13822361003452893
Camouflage,camourflage_00102.png,0.37216680878066194
Camouflage,camourflage_00582.png,0.1240998243559719
Camouflage,camourflage_01087.png,0.2577008574150524
Camouflage,camourflage_00641.png,0.10051722240563442
Camouflage,camourflage_00793.png,0.08114675576532163
Camouflage,camourflage_00110.png,0.32437773104857354
Camouflage,camourflage_00620.png,0.034722222222222224
Camouflage,camourflage_00823.png,0.2559572220755215
Camouflage,camourflage_00399.png,0.18758881041759454
Camouflage,camourflage_00048.png,0.16121722846441947
Camouflage,camourflage_00700.png,0.08642172146636433
Camouflage,camourflage_01166.png,0.08132866666666666
Camouflage,camourflage_00136.png,0.0890275302040008
Camouflage,camourflage_00855.png,0.031874039938556066
Camouflage,camourflage_00379.png,0.20397022332506204
Camouflage,camourflage_00460.png,0.05406367041198502
Camouflage,camourflage_00802.png,0.1693625
Camouflage,camourflage_00372.png,0.10779466666666666
Camouflage,camourflage_00225.png,0.049899644362389035
Camouflage,camourflage_00050.png,0.4968520782396088
Camouflage,camourflage_01163.png,0.40095939148570725
Camouflage,camourflage_01110.png,0.27099400871459695
Camouflage,camourflage_00852.png,0.1846795827123696
Camouflage,camourflage_01158.png,0.43435920309247694
Camouflage,camourflage_00045.png,0.2773467993754879
Camouflage,camourflage_00493.png,0.10131505582527572
Camouflage,camourflage_00811.png,0.16847122302158274
Camouflage,camourflage_00124.png,0.2537216252424092
Camouflage,camourflage_00316.png,0.15584615384615386
Camouflage,camourflage_00437.png,0.0763481363996828
Camouflage,camourflage_00633.png,0.22404013961605584
Camouflage,camourflage_01175.png,0.39848700887198985
Camouflage,camourflage_00171.png,0.08169642857142857
Camouflage,camourflage_00286.png,0.027498752961715923
Camouflage,camourflage_00822.png,0.14628264813532943
Camouflage,camourflage_00012.png,0.30100210970464136
Camouflage,camourflage_00601.png,0.12744166666666668
Camouflage,camourflage_01006.png,0.14821341268997767
Camouflage,camourflage_01130.png,0.17025408878504672
Camouflage,camourflage_01184.png,0.15678333333333333
Camouflage,camourflage_00237.png,0.0521286231884058
Camouflage,camourflage_00982.png,0.2992166666666667
Camouflage,camourflage_01173.png,0.04915643136725604
Camouflage,camourflage_00202.png,0.27123125
Camouflage,camourflage_00488.png,0.542284023668639
Camouflage,camourflage_00407.png,0.15748269972354775
Camouflage,camourflage_00867.png,0.24983400402414488
Camouflage,camourflage_00417.png,0.13374962830805828
Camouflage,camourflage_00555.png,0.13402255639097743
Camouflage,camourflage_00348.png,0.16099348534201954
Camouflage,camourflage_01103.png,0.11186240257995163
Camouflage,camourflage_00619.png,0.20549214946642164
Camouflage,camourflage_00125.png,0.40278924671988253
Camouflage,camourflage_00324.png,0.07281828703703704
Camouflage,camourflage_01222.png,0.06869027777777778
Camouflage,camourflage_00953.png,0.034620535714285715
Camouflage,camourflage_00484.png,0.2552268947493466
Camouflage,camourflage_00031.png,0.18345505617977528
Camouflage,camourflage_00133.png,0.36883044554455446
Camouflage,camourflage_00773.png,0.18932457315031803
Camouflage,camourflage_00593.png,0.2779637669538123
Camouflage,camourflage_00955.png,0.19946629213483147
Camouflage,camourflage_00652.png,0.1401851851851852
Camouflage,camourflage_00504.png,0.021445274353027344
Camouflage,camourflage_01210.png,0.17267764083050707
Camouflage,camourflage_00153.png,0.04735070257611241
Camouflage,camourflage_00541.png,0.13265822500112456
Camouflage,camourflage_01234.png,0.12267857142857143
Camouflage,camourflage_01226.png,0.04106666666666667
Camouflage,camourflage_00174.png,0.11215142580630641
Camouflage,camourflage_01219.png,0.27369621368210456
Camouflage,camourflage_00921.png,0.15935596863431914
Camouflage,camourflage_00445.png,0.0104760796182051
Camouflage,camourflage_01180.png,0.3100844510680576
Camouflage,camourflage_00024.png,0.23931818181818182
Camouflage,camourflage_00891.png,0.16936666666666667
Camouflage,camourflage_00638.png,0.36150930798837483
Camouflage,camourflage_00966.png,0.12406367041198502
Camouflage,camourflage_00470.png,0.03864482640675011
Camouflage,camourflage_00588.png,0.24892620232172472
Camouflage,camourflage_00777.png,0.04884855682346259
Camouflage,camourflage_00406.png,0.1511616678027721
Camouflage,camourflage_00173.png,0.32189138576779025
Camouflage,camourflage_00535.png,0.40458346909959814
Camouflage,camourflage_01248.png,0.30912211358435615
Camouflage,camourflage_00435.png,0.16409864315210979
Camouflage,camourflage_00307.png,0.24715301101304382
Camouflage,camourflage_00862.png,0.14084166666666667
Camouflage,camourflage_01085.png,0.0892063492063492
Camouflage,camourflage_00217.png,0.13254563233376793
Camouflage,camourflage_01008.png,0.3311786666666667
Camouflage,camourflage_00210.png,0.06687172918809473
Camouflage,camourflage_00502.png,0.02161505768063145
Camouflage,camourflage_00053.png,0.19849435881137772
Camouflage,camourflage_00683.png,0.1613384229989264
Camouflage,camourflage_00925.png,0.4351927665746503
Camouflage,camourflage_00497.png,0.05274411974340699
Camouflage,camourflage_00797.png,0.10730741965973535
Camouflage,camourflage_00993.png,0.3177274096385542
Camouflage,camourflage_01199.png,0.04160412757973734
Camouflage,camourflage_00790.png,0.22919172932330828
Camouflage,camourflage_00386.png,0.21196576956467816
Camouflage,camourflage_00409.png,0.2433801498127341
Camouflage,camourflage_00935.png,0.01719488770685579
Camouflage,camourflage_00060.png,0.252625
Camouflage,camourflage_00044.png,0.23512198530760564
Camouflage,camourflage_00262.png,0.016198501872659175
Camouflage,camourflage_00794.png,0.14997443591279985
Camouflage,camourflage_00747.png,0.1447087236533958
Camouflage,camourflage_00099.png,0.04774515738498789
Camouflage,camourflage_00331.png,0.06278481012658228
Camouflage,camourflage_00527.png,0.14336951861832434
Camouflage,camourflage_00668.png,0.2251031499795316
Camouflage,camourflage_00865.png,0.11540364583333333
Camouflage,camourflage_00017.png,0.301336
Camouflage,camourflage_01097.png,0.13476839831230475
Camouflage,camourflage_00156.png,0.16283973758200562
Camouflage,camourflage_00844.png,0.32424282155500195
Camouflage,camourflage_00141.png,0.06268540202966433
Camouflage,camourflage_00070.png,0.06874583333333334
Camouflage,camourflage_00959.png,0.0632583782742681
Camouflage,camourflage_00760.png,0.16061776061776062
Camouflage,camourflage_01022.png,0.14283159463487333
Camouflage,camourflage_00152.png,0.215
Camouflage,camourflage_00995.png,0.034067185424179164
Camouflage,camourflage_00235.png,0.08327132987204121
Camouflage,camourflage_01086.png,0.05068641975308642
Camouflage,camourflage_00866.png,0.21569811320754717
Camouflage,camourflage_00365.png,0.19542060988433227
Camouflage,camourflage_00836.png,0.030700757575757576
Camouflage,camourflage_00067.png,0.48274489511602914
Camouflage,camourflage_00271.png,0.08995225694444445
Camouflage,camourflage_00685.png,0.021627604166666668
Camouflage,camourflage_00175.png,0.054845876145515136
Camouflage,camourflage_01147.png,0.13881720430107528
Camouflage,camourflage_01243.png,0.034358268585299
Camouflage,camourflage_01070.png,0.18882894319263727
Camouflage,camourflage_00301.png,0.1340309633027523
Camouflage,camourflage_00216.png,0.0802951388888889
Camouflage,camourflage_01069.png,0.07719569177160054
Camouflage,camourflage_00185.png,0.25864443369188966
Camouflage,camourflage_00708.png,0.17775
Camouflage,camourflage_00631.png,0.05433189535976993
Camouflage,camourflage_01139.png,0.1036572265625
Camouflage,camourflage_00840.png,0.20432030121026012
Camouflage,camourflage_00485.png,0.25715355805243445
Camouflage,camourflage_01040.png,0.03635912698412699
Camouflage,camourflage_00632.png,0.1406550365244137
Camouflage,camourflage_00689.png,0.4991964260090115
Camouflage,camourflage_00554.png,0.2698605488079172
Camouflage,camourflage_00201.png,0.006825722092115535
Camouflage,camourflage_00098.png,0.05611575178997613
Camouflage,camourflage_00046.png,0.06041666666666667
Camouflage,camourflage_00970.png,0.4294287133631396
Camouflage,camourflage_00113.png,0.19911490683229813
Camouflage,camourflage_00489.png,0.2279904143580679
Camouflage,camourflage_01096.png,0.3406024234110654
Camouflage,camourflage_00540.png,0.0317560163222932
Camouflage,camourflage_00187.png,0.031451434878587196
Camouflage,camourflage_00680.png,0.13132958801498126
Camouflage,camourflage_01082.png,0.09054665185655347
Camouflage,camourflage_00029.png,0.09575842696629214
Camouflage,camourflage_00721.png,0.30520189882217413
Camouflage,camourflage_00291.png,0.0265625
Camouflage,camourflage_00578.png,0.07118488359954066
Camouflage,camourflage_00184.png,0.0627434456928839
Camouflage,camourflage_00943.png,0.10374321542204754
Camouflage,camourflage_00120.png,0.24774962742175857
Camouflage,camourflage_00962.png,0.358974358974359
Camouflage,camourflage_00625.png,0.0942
Camouflage,camourflage_01049.png,0.07350569657367848
Camouflage,camourflage_01200.png,0.026748159831756047
Camouflage,camourflage_00568.png,0.08182203389830509
Camouflage,camourflage_01079.png,0.21813492063492063
Camouflage,camourflage_00293.png,0.07097101401338493
Camouflage,camourflage_00446.png,0.20130833333333334
Camouflage,camourflage_00572.png,0.06634963768115942
Camouflage,camourflage_01112.png,0.09705105633802817
Camouflage,camourflage_00657.png,0.03697240099498559
Camouflage,camourflage_00806.png,0.015997465748000317
Camouflage,camourflage_00880.png,0.11323684210526316
Camouflage,camourflage_00996.png,0.13416235723717226
Camouflage,camourflage_00222.png,0.17887812989045385
Camouflage,camourflage_00841.png,0.2991158388117848
Camouflage,camourflage_00115.png,0.15492256637168142
Camouflage,camourflage_00146.png,0.11004178300560408
Camouflage,camourflage_01157.png,0.4288873894137052
Camouflage,camourflage_00603.png,0.386467958271237
Camouflage,camourflage_00395.png,0.18371611670580743
Camouflage,camourflage_00755.png,0.18153925846233537
Camouflage,camourflage_00389.png,0.25956701511582253
Camouflage,camourflage_00145.png,0.35562736443883985
Camouflage,camourflage_00065.png,0.012109891111212356
Camouflage,camourflage_00143.png,0.22118706088992973
Camouflage,camourflage_00756.png,0.11784350634766147
Camouflage,camourflage_00976.png,0.3874031007751938
Camouflage,camourflage_00648.png,0.08539141414141414
Camouflage,camourflage_00347.png,0.15156447285353536
Camouflage,camourflage_00087.png,0.09142876940133038
Camouflage,camourflage_00082.png,0.10416943521594685
Camouflage,camourflage_00911.png,0.23640915593705294
Camouflage,camourflage_00812.png,0.14889026743865452
Camouflage,camourflage_00859.png,0.0031707716226168072
Camouflage,camourflage_00396.png,0.15973101265822784
Camouflage,camourflage_00009.png,0.1564621960848376
Camouflage,camourflage_01247.png,0.09172641810070109
Camouflage,camourflage_01131.png,0.14714560282582723
Camouflage,camourflage_01227.png,0.008126098094285421
Camouflage,camourflage_01029.png,0.12890081494732658
Camouflage,camourflage_00669.png,0.13242263056092843
Camouflage,camourflage_00328.png,0.1305794759506444
Camouflage,camourflage_00846.png,0.09748106580029957
Camouflage,camourflage_00655.png,0.046994535519125684
Camouflage,camourflage_00524.png,0.31168478260869564
Camouflage,camourflage_01214.png,0.15657820440429135
Camouflage,camourflage_00507.png,0.08125
Camouflage,camourflage_01098.png,0.11596873512384638
Camouflage,camourflage_00354.png,0.03554375
Camouflage,camourflage_00810.png,0.13529644268774704
Camouflage,camourflage_01229.png,0.06244529322829633
Camouflage,camourflage_00040.png,0.33314814814814814
Camouflage,camourflage_00764.png,0.061107045277127243
Camouflage,camourflage_01068.png,0.10612609040444092
Camouflage,camourflage_00508.png,0.09169807973990361
Camouflage,camourflage_00892.png,0.09647668591246022
Camouflage,camourflage_00196.png,0.13150294734343473
Camouflage,camourflage_00131.png,0.12800371106501418
Camouflage,camourflage_01016.png,0.31064768564768563
Camouflage,camourflage_00965.png,0.04690257352941177
Camouflage,camourflage_00745.png,0.19292560525625352
Camouflage,camourflage_00984.png,0.16693080357142856
Camouflage,camourflage_00158.png,0.21387152777777776
Camouflage,camourflage_00750.png,0.05887490241998439
Camouflage,camourflage_00278.png,0.24563035389807045
Camouflage,camourflage_00367.png,0.27972758457103236
Camouflage,camourflage_00813.png,0.07143140364789849
Camouflage,camourflage_01124.png,0.5380820895522388
Camouflage,camourflage_00912.png,0.0689085675253708
Camouflage,camourflage_00663.png,0.2837301587301587
Camouflage,camourflage_00604.png,0.1282590455140799
Camouflage,camourflage_00819.png,0.005848456179582007
Camouflage,camourflage_00917.png,0.16070898292501856
Camouflage,camourflage_00538.png,0.013512743628185907
Camouflage,camourflage_01036.png,0.058782767086402156
Camouflage,camourflage_00673.png,0.11411500815660686
Camouflage,camourflage_00215.png,0.08372853239656518
Camouflage,camourflage_00556.png,0.2189949022293236
Camouflage,camourflage_00561.png,0.1035
Camouflage,camourflage_01151.png,0.09573333333333334
Camouflage,camourflage_00221.png,0.3705344176590183
Camouflage,camourflage_00356.png,0.16645446343499415
Camouflage,camourflage_00740.png,0.38417030318261786
Camouflage,camourflage_00672.png,0.29576014832162373
Camouflage,camourflage_00320.png,0.04623015873015873
Camouflage,camourflage_00035.png,0.19347708333333333
Camouflage,camourflage_00397.png,0.0614051856524759
Camouflage,camourflage_00317.png,0.184820819112628
Camouflage,camourflage_00164.png,0.21580340382201252
Camouflage,camourflage_00325.png,0.3845206159960258
Camouflage,camourflage_01113.png,0.025946920478170477
Camouflage,camourflage_00001.png,0.17781954887218046
Camouflage,camourflage_00531.png,0.34719585508622053
Camouflage,camourflage_00660.png,0.1690569645732689
Camouflage,camourflage_01023.png,0.45621460506706407
Camouflage,camourflage_01071.png,0.3293045963324601
Camouflage,camourflage_00380.png,0.09887640449438202
Camouflage,camourflage_00879.png,0.06920770202020202
Camouflage,camourflage_00968.png,0.07414190975489537
Camouflage,camourflage_00608.png,0.3490035262886802
Camouflage,camourflage_01190.png,0.0405029899691358
Camouflage,camourflage_01133.png,0.011918103448275862
Camouflage,camourflage_00849.png,0.22542984409799555
Camouflage,camourflage_00204.png,0.17280266739540467
Camouflage,camourflage_00809.png,0.023781566444701453
Camouflage,camourflage_00667.png,0.08452041785375118
Camouflage,camourflage_00228.png,0.1317815628361049
Camouflage,camourflage_00592.png,0.188125
Camouflage,camourflage_00579.png,0.1186672585254142
Camouflage,camourflage_00310.png,0.49281354988768067
Camouflage,camourflage_00563.png,0.028291368577534146
Camouflage,camourflage_00587.png,0.09671350433798566
Camouflage,camourflage_00376.png,0.1546864307853319
Camouflage,camourflage_00212.png,0.21634661821861417
Camouflage,camourflage_00214.png,0.09099250936329588
Camouflage,camourflage_00103.png,0.26002963613413094
Camouflage,camourflage_00605.png,0.04844592149618146
Camouflage,camourflage_00957.png,0.2626890490141737
Camouflage,camourflage_00727.png,0.1325529386736404
Camouflage,camourflage_01074.png,0.12041666666666667
Camouflage,camourflage_00997.png,0.27180348258706466
Camouflage,camourflage_00492.png,0.044122942386831274
Camouflage,camourflage_00845.png,0.017697652180989582
Camouflage,camourflage_00710.png,0.14825066666666667
Camouflage,camourflage_00123.png,0.2325786002006915
Camouflage,camourflage_00072.png,0.26720965872404645
Camouflage,camourflage_00610.png,0.3193761770244821
Camouflage,camourflage_00231.png,0.2418584368991695
Camouflage,camourflage_00835.png,0.007675
Camouflage,camourflage_00499.png,0.13674231542660156
Camouflage,camourflage_00697.png,0.05667552221701307
Camouflage,camourflage_01076.png,0.21024091398294562
Camouflage,camourflage_00778.png,0.11548611111111111
Camouflage,camourflage_00739.png,0.07104807074825721
Camouflage,camourflage_00218.png,0.057626347868029934
Camouflage,camourflage_00808.png,0.08401360720735682
Camouflage,camourflage_00904.png,0.10421262951049412
Camouflage,camourflage_00387.png,0.1250491898148148
Camouflage,camourflage_00309.png,0.11321918672538524
Camouflage,camourflage_00839.png,0.27455693704361556
Camouflage,camourflage_00898.png,0.38706349206349205
Camouflage,camourflage_00122.png,0.14863985078828829
Camouflage,camourflage_00547.png,0.03965085126609628
Camouflage,camourflage_00148.png,0.23234583333333333
Camouflage,camourflage_01077.png,0.09336502277678749
Camouflage,camourflage_00197.png,0.2415890122356373
Camouflage,camourflage_00947.png,0.0219115925058548
Camouflage,camourflage_00079.png,0.24712538226299693
Camouflage,camourflage_01170.png,0.0715024258331345
Camouflage,camourflage_00250.png,0.2175738007380074
Camouflage,camourflage_01161.png,0.3081255323523365
Camouflage,camourflage_00088.png,0.08661433447098976
Camouflage,camourflage_00456.png,0.17568079692490932
Camouflage,camourflage_00804.png,0.2832838185779362
Camouflage,camourflage_00326.png,0.07480208333333334
Camouflage,camourflage_01132.png,0.08458687171001938
Camouflage,camourflage_00713.png,0.1345859375
Camouflage,camourflage_00229.png,0.43966544818817543
Camouflage,camourflage_00932.png,0.2374375
Camouflage,camourflage_00415.png,0.05678468961919666
Camouflage,camourflage_00421.png,0.07737871346537561
Camouflage,camourflage_01088.png,0.23749154161525296
Camouflage,camourflage_01099.png,0.17270573061175518
Camouflage,camourflage_00477.png,0.09799305005955505
Camouflage,camourflage_00903.png,0.03826500472589792
Camouflage,camourflage_00338.png,0.1356127850973212
Camouflage,camourflage_00448.png,0.1496178328091156
Camouflage,camourflage_00055.png,0.05207136202593623
Camouflage,camourflage_01002.png,0.13010803107277882
Camouflage,camourflage_00767.png,0.18386904761904763
Camouflage,camourflage_00958.png,0.06011144883485309
Camouflage,camourflage_00191.png,0.18590905536718344
Camouflage,camourflage_00735.png,0.10719215979525479
Camouflage,camourflage_00290.png,0.05327787286550173
Camouflage,camourflage_01174.png,0.047138276666165185
Camouflage,camourflage_00426.png,0.284768331408776
