hash,files
9d2ee3ee2d7ad3d0161e17ac5c36c48ec4b610f75f2e7a3c416afacae66aefb4,"['COD10K-CAM-3-Flying-57-Dragonfly-3568.jpg', 'COD10K-CAM-3-Flying-57-Dragonfly-3572.jpg']"
1c26e70ec662b0340b93fe51498295d7f8a405c8a9117b43b034eebbcfec99dc,"['COD10K-CAM-2-Terrestrial-47-Tiger-2875.jpg', 'COD10K-CAM-2-Terrestrial-47-Tiger-2880.jpg']"
5336c8a96a7944aa6b9df32706e2147d00c16f4c82514f9965e299327c5a42fa,"['COD10K-NonCAM-5-Background-4-Sky-4219.jpg', 'COD10K-NonCAM-5-Background-4-Sky-4220.jpg']"
58a9a7b96f9f5643139d33d73331c6f1851b599df7fa60a916e451ef01ca3afe,"['COD10K-CAM-2-Terrestrial-28-Deer-1796.jpg', 'COD10K-CAM-2-Terrestrial-28-Deer-1762.jpg']"
a1277d567085b138b5ce31b45bbccac8dd1f2d8af0fdc2ba8df49f6680af5f8f,"['COD10K-NonCAM-5-Background-4-Sky-4214.jpg', 'COD10K-NonCAM-5-Background-4-Sky-4215.jpg']"
1be584edf381ee65c4e802dedefb671742122d6db3f00af3b204d6b4754309d7,"['COD10K-CAM-2-Terrestrial-26-Chameleon-1694.jpg', 'COD10K-CAM-2-Terrestrial-31-Gecko-1892.jpg']"
6988e9b908fb9a6c8157405f49dcd37586ef14f08d6374e33996c780dcbb67e0,"['COD10K-CAM-2-Terrestrial-32-Giraffe-1930.jpg', 'COD10K-CAM-2-Terrestrial-32-Giraffe-1932.jpg']"
6368c9991b9cc8f2d45eb87bb172e2611154efaaa99113fc1fab0d1943276390,"['COD10K-CAM-3-Flying-53-Bird-3205.jpg', 'COD10K-CAM-3-Flying-65-Owl-4633.jpg']"
e5f0ea8dec16c4b4ed178c58a9827cd946fa9e0e860e1d56ae769b50d59e6c4e,"['COD10K-CAM-2-Terrestrial-31-Gecko-1928.jpg', 'COD10K-CAM-2-Terrestrial-31-Gecko-1895.jpg']"
4ff7eb731d07f5329cd498097c459ed7696172f74713cb9e9b70187c9b97bbcc,"['COD10K-NonCAM-5-Background-2-Ocean-3466.jpg', 'COD10K-NonCAM-5-Background-2-Ocean-3519.jpg']"
92ed3eb6c5155dde0a164c860395a2a4c59220edc2f8009e6a46519e030c07d8,"['COD10K-NonCAM-5-Background-4-Sky-4180.jpg', 'COD10K-NonCAM-5-Background-4-Sky-4184.jpg']"
13555eb14307882af1a86edcd65d8fd86cb27fb30e048fa456158ad21330c451,"['COD10K-NonCAM-5-Background-4-Sky-4156.jpg', 'COD10K-NonCAM-5-Background-5-Vegetation-4864.jpg']"
8f9dffe6396e8c2ed11ee57f28e2a5be42fd7a5c70e8c68bccb88f8b9db9363e,"['COD10K-NonCAM-5-Background-4-Sky-4179.jpg', 'COD10K-NonCAM-5-Background-4-Sky-4182.jpg']"
